{
  "instance_id": "astropy__astropy-7746",
  "gatherer": "agentless",
  "precision@1": 1.0,
  "recall@1": 0.5,
  "ndcg@1": 1.0,
  "precision@3": 0.3333333333333333,
  "recall@3": 0.5,
  "ndcg@3": 0.6131471927654584,
  "precision@5": 0.4,
  "recall@5": 1.0,
  "ndcg@5": 0.8503449055347546,
  "precision@10": 0.2,
  "recall@10": 1.0,
  "ndcg@10": 0.8503449055347546,
  "mrr": 1.0,
  "edit_similarity": 0.12406576980568013,
  "applied": false,
  "tests_passed": false,
  "fail_to_pass": 0,
  "pass_to_pass": 0,
  "token_usage": 35750.0,
  "latency_s": 204.24502700700032,
  "ttft_s": 6.7453410620000795
}