{
  "instance_id": "astropy__astropy-7746",
  "gatherer": "rag_bm25",
  "precision@1": 1.0,
  "recall@1": 0.5,
  "ndcg@1": 1.0,
  "precision@3": 0.6666666666666666,
  "recall@3": 1.0,
  "ndcg@3": 0.9197207891481876,
  "precision@5": 0.4,
  "recall@5": 1.0,
  "ndcg@5": 0.9197207891481876,
  "precision@10": 0.2,
  "recall@10": 1.0,
  "ndcg@10": 0.9197207891481876,
  "mrr": 1.0,
  "applied": false,
  "tests_passed": false,
  "fail_to_pass": 0,
  "pass_to_pass": 0,
  "token_usage": 0.0,
  "latency_s": 0.35096186499868054,
  "ttft_s": null
}