{
  "instance_id": "astropy__astropy-6938",
  "gatherer": "agentless",
  "precision@1": 1.0,
  "recall@1": 0.3333333333333333,
  "ndcg@1": 1.0,
  "precision@3": 0.6666666666666666,
  "recall@3": 0.6666666666666666,
  "ndcg@3": 0.7653606369886217,
  "precision@5": 0.4,
  "recall@5": 0.6666666666666666,
  "ndcg@5": 0.7653606369886217,
  "precision@10": 0.2,
  "recall@10": 0.6666666666666666,
  "ndcg@10": 0.7653606369886217,
  "mrr": 1.0,
  "edit_similarity": 0.6101321585903083,
  "applied": false,
  "tests_passed": false,
  "fail_to_pass": 0,
  "pass_to_pass": 0,
  "token_usage": 23597.0,
  "latency_s": 118.94976121500076,
  "ttft_s": 6.991053650999675
}