{
  "instance_id": "astropy__astropy-12907",
  "gatherer": "agentless",
  "precision@1": 1.0,
  "recall@1": 0.5,
  "ndcg@1": 1.0,
  "precision@3": 0.6666666666666666,
  "recall@3": 1.0,
  "ndcg@3": 1.0,
  "precision@5": 0.4,
  "recall@5": 1.0,
  "ndcg@5": 1.0,
  "precision@10": 0.2,
  "recall@10": 1.0,
  "ndcg@10": 1.0,
  "mrr": 1.0,
  "edit_similarity": 0.1553556827473426,
  "applied": false,
  "tests_passed": false,
  "fail_to_pass": 0,
  "pass_to_pass": 0,
  "token_usage": 26497.0,
  "latency_s": 120.65518131700082,
  "ttft_s": 12.497116057998937
}