{
  "instance_id": "django__django-11620",
  "gatherer": "react_agent",
  "precision@1": 0.0,
  "recall@1": 0.0,
  "ndcg@1": 0.0,
  "precision@3": 0.3333333333333333,
  "recall@3": 0.5,
  "ndcg@3": 0.3065735963827292,
  "precision@5": 0.2,
  "recall@5": 0.5,
  "ndcg@5": 0.3065735963827292,
  "precision@10": 0.1,
  "recall@10": 0.5,
  "ndcg@10": 0.3065735963827292,
  "mrr": 0.3333333333333333,
  "applied": false,
  "tests_passed": false,
  "fail_to_pass": 0,
  "pass_to_pass": 0,
  "token_usage": 47636.0,
  "latency_s": 97.57339344600041,
  "ttft_s": 4.163635966000584
}