{
  "instance_id": "django__django-12470",
  "gatherer": "rag_dense",
  "precision@1": 0.0,
  "recall@1": 0.0,
  "ndcg@1": 0.0,
  "precision@3": 0.0,
  "recall@3": 0.0,
  "ndcg@3": 0.0,
  "precision@5": 0.2,
  "recall@5": 0.3333333333333333,
  "ndcg@5": 0.18154179253735267,
  "precision@10": 0.2,
  "recall@10": 0.6666666666666666,
  "ndcg@10": 0.3295827480202853,
  "mrr": 0.2,
  "applied": false,
  "tests_passed": false,
  "fail_to_pass": 0,
  "pass_to_pass": 0,
  "token_usage": 0.0,
  "latency_s": 1.8732801119986107,
  "ttft_s": null
}