{
  "instance_id": "django__django-11049",
  "gatherer": "agentless",
  "precision@1": 1.0,
  "recall@1": 1.0,
  "ndcg@1": 1.0,
  "precision@3": 0.3333333333333333,
  "recall@3": 1.0,
  "ndcg@3": 1.0,
  "precision@5": 0.2,
  "recall@5": 1.0,
  "ndcg@5": 1.0,
  "precision@10": 0.1,
  "recall@10": 1.0,
  "ndcg@10": 1.0,
  "mrr": 1.0,
  "edit_similarity": 0.4207436399217221,
  "applied": false,
  "tests_passed": false,
  "fail_to_pass": 0,
  "pass_to_pass": 0,
  "token_usage": 22746.0,
  "latency_s": 395.84710460000133,
  "ttft_s": 62.95615739999994
}