{
  "instance_id": "django__django-11049",
  "gatherer": "agentless",
  "precision@1": 1.0,
  "recall@1": 0.5,
  "ndcg@1": 1.0,
  "precision@3": 0.3333333333333333,
  "recall@3": 0.5,
  "ndcg@3": 0.6131471927654584,
  "precision@5": 0.4,
  "recall@5": 1.0,
  "ndcg@5": 0.8772153153380493,
  "precision@10": 0.2,
  "recall@10": 1.0,
  "ndcg@10": 0.8772153153380493,
  "mrr": 1.0,
  "edit_similarity": 0.4850574712643678,
  "applied": false,
  "tests_passed": false,
  "fail_to_pass": 0,
  "pass_to_pass": 0,
  "token_usage": 25426.0,
  "latency_s": 142.84835229300006,
  "ttft_s": 17.144515823998518
}