{
  "instance_id": "django__django-11564",
  "gatherer": "agentless",
  "precision@1": 0.0,
  "recall@1": 0.0,
  "ndcg@1": 0.0,
  "precision@3": 0.0,
  "recall@3": 0.0,
  "ndcg@3": 0.0,
  "precision@5": 0.0,
  "recall@5": 0.0,
  "ndcg@5": 0.0,
  "precision@10": 0.1,
  "recall@10": 0.3333333333333333,
  "ndcg@10": 0.14126697285982898,
  "mrr": 0.1111111111111111,
  "edit_similarity": 0.12625250501002003,
  "applied": false,
  "tests_passed": false,
  "fail_to_pass": 0,
  "pass_to_pass": 0,
  "token_usage": 33463.0,
  "latency_s": 214.2470844870004,
  "ttft_s": 4.781108633000258
}