{
  "instance_id": "django__django-11001",
  "gatherer": "agentless",
  "precision@1": 1.0,
  "recall@1": 1.0,
  "ndcg@1": 1.0,
  "precision@3": 0.3333333333333333,
  "recall@3": 1.0,
  "ndcg@3": 1.0,
  "precision@5": 0.4,
  "recall@5": 2.0,
  "ndcg@5": 1.3868528072345416,
  "precision@10": 0.2,
  "recall@10": 2.0,
  "ndcg@10": 1.3868528072345416,
  "mrr": 1.0,
  "edit_similarity": 0.31137724550898205,
  "applied": false,
  "tests_passed": false,
  "fail_to_pass": 0,
  "pass_to_pass": 0,
  "token_usage": 23884.0,
  "latency_s": 91.34744940000019,
  "ttft_s": 6.062067900002148
}