{
  "instance_id": "django__django-11019",
  "gatherer": "react_agent",
  "precision@1": 1.0,
  "recall@1": 0.25,
  "ndcg@1": 1.0,
  "precision@3": 0.3333333333333333,
  "recall@3": 0.25,
  "ndcg@3": 0.46927872602275644,
  "precision@5": 0.2,
  "recall@5": 0.25,
  "ndcg@5": 0.3903800499921017,
  "precision@10": 0.1,
  "recall@10": 0.25,
  "ndcg@10": 0.3903800499921017,
  "mrr": 1.0,
  "applied": false,
  "tests_passed": false,
  "fail_to_pass": 0,
  "pass_to_pass": 0,
  "token_usage": 7731.0,
  "latency_s": 27.139177809000103,
  "ttft_s": 8.624742628002423
}