{
  "instance_id": "django__django-11099",
  "gatherer": "agentless",
  "precision@1": 1.0,
  "recall@1": 0.5,
  "ndcg@1": 1.0,
  "precision@3": 0.3333333333333333,
  "recall@3": 0.5,
  "ndcg@3": 0.6131471927654584,
  "precision@5": 0.2,
  "recall@5": 0.5,
  "ndcg@5": 0.6131471927654584,
  "precision@10": 0.2,
  "recall@10": 1.0,
  "ndcg@10": 0.7903864795495061,
  "mrr": 1.0,
  "edit_similarity": 0.3793677204658902,
  "applied": false,
  "tests_passed": false,
  "fail_to_pass": 0,
  "pass_to_pass": 0,
  "token_usage": 22344.0,
  "latency_s": 121.38282818699736,
  "ttft_s": 8.726689587001601
}