{
  "instance_id": "django__django-11039",
  "gatherer": "agentless",
  "precision@1": 0.0,
  "recall@1": 0.0,
  "ndcg@1": 0.0,
  "precision@3": 0.3333333333333333,
  "recall@3": 0.5,
  "ndcg@3": 0.38685280723454163,
  "precision@5": 0.2,
  "recall@5": 0.5,
  "ndcg@5": 0.38685280723454163,
  "precision@10": 0.2,
  "recall@10": 1.0,
  "ndcg@10": 0.5714285040141098,
  "mrr": 0.5,
  "edit_similarity": 0.5680933852140078,
  "applied": true,
  "tests_passed": false,
  "fail_to_pass": 0,
  "pass_to_pass": 0,
  "token_usage": 23984.0,
  "latency_s": 120.40272907300096,
  "ttft_s": 15.072226661999593
}