{
  "instance_id": "django__django-11583",
  "gatherer": "agentless",
  "precision@1": 1.0,
  "recall@1": 1.0,
  "ndcg@1": 1.0,
  "precision@3": 1.0,
  "recall@3": 3.0,
  "ndcg@3": 2.1309297535714578,
  "precision@5": 0.6,
  "recall@5": 3.0,
  "ndcg@5": 2.1309297535714578,
  "precision@10": 0.3,
  "recall@10": 3.0,
  "ndcg@10": 2.1309297535714578,
  "mrr": 1.0,
  "edit_similarity": 0.29515757109915447,
  "applied": false,
  "tests_passed": false,
  "fail_to_pass": 0,
  "pass_to_pass": 0,
  "token_usage": 34232.0,
  "latency_s": 96.33088509999993,
  "ttft_s": 2.1348593000000164
}