{
  "instance_id": "django__django-11099",
  "gatherer": "agentless",
  "precision@1": 0.0,
  "recall@1": 0.0,
  "ndcg@1": 0.0,
  "precision@3": 0.0,
  "recall@3": 0.0,
  "ndcg@3": 0.0,
  "precision@5": 0.0,
  "recall@5": 0.0,
  "ndcg@5": 0.0,
  "precision@10": 0.1,
  "recall@10": 1.0,
  "ndcg@10": 0.2890648263178879,
  "mrr": 0.1,
  "edit_similarity": 0.3466666666666667,
  "applied": false,
  "tests_passed": false,
  "fail_to_pass": 0,
  "pass_to_pass": 0,
  "token_usage": 20397.0,
  "latency_s": 350.73448949999874,
  "ttft_s": 16.946975200000452
}