{
  "instance_id": "django__django-12747",
  "gatherer": "rag_dense",
  "precision@1": 0.0,
  "recall@1": 0.0,
  "ndcg@1": 0.0,
  "precision@3": 0.3333333333333333,
  "recall@3": 0.5,
  "ndcg@3": 0.38685280723454163,
  "precision@5": 0.4,
  "recall@5": 1.0,
  "ndcg@5": 0.6240505200038379,
  "precision@10": 0.2,
  "recall@10": 1.0,
  "ndcg@10": 0.6240505200038379,
  "mrr": 0.5,
  "applied": false,
  "tests_passed": false,
  "fail_to_pass": 0,
  "pass_to_pass": 0,
  "token_usage": 0.0,
  "latency_s": 1.8525720499965246,
  "ttft_s": null
}