{
  "instance_id": "sphinx-doc__sphinx-10325",
  "gatherer": "rag_dense",
  "precision@5": 0.0,
  "recall@5": 0.0,
  "ndcg@5": 0.0,
  "success@5": 0.0,
  "f1@5": 0.0,
  "precision@10": 0.1,
  "recall@10": 1.0,
  "ndcg@10": 0.2890648263178879,
  "success@10": 1.0,
  "f1@10": 0.18181818181818182,
  "precision@20": 0.05,
  "recall@20": 1.0,
  "ndcg@20": 0.2890648263178879,
  "success@20": 1.0,
  "f1@20": 0.09523809523809523,
  "mrr": 0.1,
  "applied": false,
  "tests_passed": false,
  "fail_to_pass": 0,
  "pass_to_pass": 0,
  "token_usage": 0.0,
  "latency_s": 0.401464979047887,
  "ttft_s": null
}