{
  "instance_id": "astropy__astropy-14995",
  "gatherer": "agentless",
  "model": null,
  "metrics": {
    "precision@1": 0.0,
    "recall@1": 0.0,
    "ndcg@1": 0.0,
    "success@1": 0.0,
    "f1@1": 0.0,
    "precision@3": 0.3333333333333333,
    "recall@3": 0.5,
    "ndcg@3": 0.3065735963827292,
    "success@3": 0.0,
    "f1@3": 0.4,
    "precision@5": 0.2,
    "recall@5": 0.5,
    "ndcg@5": 0.3065735963827292,
    "success@5": 0.0,
    "f1@5": 0.28571428571428575,
    "precision@10": 0.2222222222222222,
    "recall@10": 1.0,
    "ndcg@10": 0.5,
    "success@10": 1.0,
    "f1@10": 0.3636363636363636,
    "mrr": 0.3333333333333333,
    "edit_similarity": 0.3024523160762943,
    "applied": false,
    "tests_passed": false,
    "fail_to_pass": 0,
    "pass_to_pass": 0,
    "token_usage": 40477.0,
    "latency_s": 55.11945576600556,
    "ttft_s": 4.14460988000792
  }
}