{
  "instance_id": "astropy__astropy-6938",
  "gatherer": "agentless",
  "model": null,
  "metrics": {
    "precision@1": 1.0,
    "recall@1": 1.0,
    "ndcg@1": 1.0,
    "success@1": 0.0,
    "f1@1": 1.0,
    "precision@3": 1.0,
    "recall@3": 1.0,
    "ndcg@3": 1.0,
    "success@3": 1.0,
    "f1@3": 1.0,
    "precision@5": 0.6,
    "recall@5": 1.0,
    "ndcg@5": 1.0,
    "success@5": 1.0,
    "f1@5": 0.7499999999999999,
    "precision@10": 0.3,
    "recall@10": 1.0,
    "ndcg@10": 1.0,
    "success@10": 1.0,
    "f1@10": 0.4615384615384615,
    "mrr": 1.0,
    "edit_similarity": 0.8148148148148148,
    "applied": false,
    "tests_passed": false,
    "fail_to_pass": 0,
    "pass_to_pass": 0,
    "token_usage": 29270.0,
    "latency_s": 82.74219775099482,
    "ttft_s": 2.6554723730077967
  }
}