{
  "instance_id": "astropy__astropy-14182",
  "gatherer": "agentless_bm25",
  "model": null,
  "metrics": {
    "precision@1": 0.0,
    "recall@1": 0.0,
    "ndcg@1": 0.0,
    "success@1": 0.0,
    "f1@1": 0.0,
    "precision@3": 0.3333333333333333,
    "recall@3": 0.5,
    "ndcg@3": 0.3065735963827292,
    "success@3": 0.0,
    "f1@3": 0.4,
    "precision@5": 0.2,
    "recall@5": 0.5,
    "ndcg@5": 0.3065735963827292,
    "success@5": 0.0,
    "f1@5": 0.28571428571428575,
    "precision@10": 0.3333333333333333,
    "recall@10": 1.0,
    "ndcg@10": 0.5249810332008933,
    "success@10": 1.0,
    "f1@10": 0.5,
    "mrr": 0.3333333333333333,
    "edit_similarity": 0.2278401997503121,
    "applied": false,
    "tests_passed": false,
    "fail_to_pass": 0,
    "pass_to_pass": 0,
    "token_usage": 46609.0,
    "latency_s": 237.92477064700142,
    "ttft_s": 2.8867599010009144
  }
}