{
  "instance_id": "django__django-13551",
  "gatherer": "agentless",
  "model": null,
  "metrics": {
    "precision@1": 1.0,
    "recall@1": 1.0,
    "ndcg@1": 1.0,
    "success@1": 0.0,
    "f1@1": 1.0,
    "precision@3": 0.6666666666666666,
    "recall@3": 0.6666666666666666,
    "ndcg@3": 0.7653606369886217,
    "success@3": 0.0,
    "f1@3": 0.6666666666666666,
    "precision@5": 0.4,
    "recall@5": 0.4,
    "ndcg@5": 0.5531464700081437,
    "success@5": 0.0,
    "f1@5": 0.4000000000000001,
    "precision@10": 0.2,
    "recall@10": 0.4,
    "ndcg@10": 0.5531464700081437,
    "success@10": 0.0,
    "f1@10": 0.26666666666666666,
    "mrr": 1.0,
    "edit_similarity": 0.35700389105058367,
    "applied": false,
    "tests_passed": false,
    "fail_to_pass": 0,
    "pass_to_pass": 0,
    "token_usage": 53135.0,
    "latency_s": 171.4863248949987,
    "ttft_s": 8.287382720009191
  }
}