{
  "instance_id": "django__django-14672",
  "gatherer": "agentless_bm25",
  "model": null,
  "metrics": {
    "precision@1": 0.0,
    "recall@1": 0.0,
    "ndcg@1": 0.0,
    "success@1": 0.0,
    "f1@1": 0.0,
    "precision@3": 0.3333333333333333,
    "recall@3": 0.3333333333333333,
    "ndcg@3": 0.2960819109658652,
    "success@3": 0.0,
    "f1@3": 0.3333333333333333,
    "precision@5": 0.4,
    "recall@5": 0.5,
    "ndcg@5": 0.3973220069685352,
    "success@5": 0.0,
    "f1@5": 0.4444444444444445,
    "precision@10": 0.2,
    "recall@10": 0.5,
    "ndcg@10": 0.3973220069685352,
    "success@10": 0.0,
    "f1@10": 0.28571428571428575,
    "mrr": 0.5,
    "edit_similarity": 0.4523809523809524,
    "applied": false,
    "tests_passed": false,
    "fail_to_pass": 0,
    "pass_to_pass": 0,
    "token_usage": 66382.0,
    "latency_s": 131.71837700899778,
    "ttft_s": 9.21908337700006
  }
}