{
  "instance_id": "django__django-12708",
  "gatherer": "agentic_bm25",
  "model": null,
  "metrics": {
    "precision@1": 0.0,
    "recall@1": 0.0,
    "ndcg@1": 0.0,
    "success@1": 0.0,
    "f1@1": 0.0,
    "precision@3": 0.3333333333333333,
    "recall@3": 0.3333333333333333,
    "ndcg@3": 0.23463936301137822,
    "success@3": 0.0,
    "f1@3": 0.3333333333333333,
    "precision@5": 0.25,
    "recall@5": 0.3333333333333333,
    "ndcg@5": 0.23463936301137822,
    "success@5": 0.0,
    "f1@5": 0.28571428571428575,
    "precision@10": 0.25,
    "recall@10": 0.3333333333333333,
    "ndcg@10": 0.23463936301137822,
    "success@10": 0.0,
    "f1@10": 0.28571428571428575,
    "mrr": 0.3333333333333333,
    "applied": false,
    "tests_passed": false,
    "fail_to_pass": 0,
    "pass_to_pass": 0,
    "token_usage": 123735.0,
    "latency_s": 25.168170517001272,
    "ttft_s": 2.035444779001409
  }
}