{
  "instance_id": "django__django-11019",
  "gatherer": "react_agent",
  "model": null,
  "metrics": {
    "precision@1": 1.0,
    "recall@1": 1.0,
    "ndcg@1": 1.0,
    "success@1": 0.0,
    "f1@1": 1.0,
    "precision@3": 1.0,
    "recall@3": 0.6666666666666666,
    "ndcg@3": 0.7653606369886217,
    "success@3": 0.0,
    "f1@3": 0.8,
    "precision@5": 1.0,
    "recall@5": 0.5,
    "ndcg@5": 0.6366824387328317,
    "success@5": 0.0,
    "f1@5": 0.6666666666666666,
    "precision@10": 1.0,
    "recall@10": 0.5,
    "ndcg@10": 0.6366824387328317,
    "success@10": 0.0,
    "f1@10": 0.6666666666666666,
    "mrr": 1.0,
    "applied": false,
    "tests_passed": false,
    "fail_to_pass": 0,
    "pass_to_pass": 0,
    "token_usage": 64172.0,
    "latency_s": 9.574370228001499,
    "ttft_s": 1.5891055379906902
  }
}