{
  "instance_id": "django__django-13033",
  "gatherer": "agentless",
  "model": null,
  "metrics": {
    "precision@1": 1.0,
    "recall@1": 1.0,
    "ndcg@1": 1.0,
    "success@1": 0.0,
    "f1@1": 1.0,
    "precision@3": 0.3333333333333333,
    "recall@3": 0.3333333333333333,
    "ndcg@3": 0.46927872602275644,
    "success@3": 0.0,
    "f1@3": 0.3333333333333333,
    "precision@5": 0.6,
    "recall@5": 1.0,
    "ndcg@5": 0.8529278650606567,
    "success@5": 1.0,
    "f1@5": 0.7499999999999999,
    "precision@10": 0.3,
    "recall@10": 1.0,
    "ndcg@10": 0.8529278650606567,
    "success@10": 1.0,
    "f1@10": 0.4615384615384615,
    "mrr": 1.0,
    "edit_similarity": 0.7233314318311466,
    "applied": false,
    "tests_passed": false,
    "fail_to_pass": 0,
    "pass_to_pass": 0,
    "token_usage": 53767.0,
    "latency_s": 62.2112872620055,
    "ttft_s": 8.632587656000396
  }
}