{
  "instance_id": "django__django-15738",
  "gatherer": "agentless",
  "model": null,
  "metrics": {
    "precision@1": 0.0,
    "recall@1": 0.0,
    "ndcg@1": 0.0,
    "success@1": 0.0,
    "f1@1": 0.0,
    "precision@3": 0.3333333333333333,
    "recall@3": 0.5,
    "ndcg@3": 0.3065735963827292,
    "success@3": 0.0,
    "f1@3": 0.4,
    "precision@5": 0.2,
    "recall@5": 0.5,
    "ndcg@5": 0.3065735963827292,
    "success@5": 0.0,
    "f1@5": 0.28571428571428575,
    "precision@10": 0.1,
    "recall@10": 0.5,
    "ndcg@10": 0.3065735963827292,
    "success@10": 0.0,
    "f1@10": 0.16666666666666669,
    "mrr": 0.3333333333333333,
    "edit_similarity": 0.2781806196440343,
    "applied": false,
    "tests_passed": false,
    "fail_to_pass": 0,
    "pass_to_pass": 0,
    "token_usage": 62057.0,
    "latency_s": 156.00460058200406,
    "ttft_s": 9.171354789999896
  }
}