{
  "instance_id": "django__django-15252",
  "gatherer": "rag_dense",
  "model": null,
  "metrics": {
    "precision@1": 0.0,
    "recall@1": 0.0,
    "ndcg@1": 0.0,
    "success@1": 0.0,
    "f1@1": 0.0,
    "precision@3": 0.0,
    "recall@3": 0.0,
    "ndcg@3": 0.0,
    "success@3": 0.0,
    "f1@3": 0.0,
    "precision@5": 0.2,
    "recall@5": 0.3333333333333333,
    "ndcg@5": 0.18154179253735267,
    "success@5": 0.0,
    "f1@5": 0.25,
    "precision@10": 0.2,
    "recall@10": 0.6666666666666666,
    "ndcg@10": 0.3171937659698004,
    "success@10": 0.0,
    "f1@10": 0.30769230769230765,
    "mrr": 0.2,
    "applied": false,
    "tests_passed": false,
    "fail_to_pass": 0,
    "pass_to_pass": 0,
    "token_usage": 0.0,
    "latency_s": 1.790315488993656,
    "ttft_s": null
  }
}