{
  "instance_id": "django__django-12747",
  "gatherer": "react_agent",
  "model": null,
  "metrics": {
    "precision@1": 0.0,
    "recall@1": 0.0,
    "ndcg@1": 0.0,
    "success@1": 0.0,
    "f1@1": 0.0,
    "precision@3": 0.5,
    "recall@3": 0.5,
    "ndcg@3": 0.38685280723454163,
    "success@3": 0.0,
    "f1@3": 0.5,
    "precision@5": 0.5,
    "recall@5": 0.5,
    "ndcg@5": 0.38685280723454163,
    "success@5": 0.0,
    "f1@5": 0.5,
    "precision@10": 0.5,
    "recall@10": 0.5,
    "ndcg@10": 0.38685280723454163,
    "success@10": 0.0,
    "f1@10": 0.5,
    "mrr": 0.5,
    "applied": false,
    "tests_passed": false,
    "fail_to_pass": 0,
    "pass_to_pass": 0,
    "token_usage": 32699.0,
    "latency_s": 10.621457080997061,
    "ttft_s": 0.7882563890016172
  }
}