{
  "instance_id": "django__django-16910",
  "gatherer": "agentless",
  "model": null,
  "metrics": {
    "precision@1": 0.0,
    "recall@1": 0.0,
    "ndcg@1": 0.0,
    "success@1": 0.0,
    "f1@1": 0.0,
    "precision@3": 0.0,
    "recall@3": 0.0,
    "ndcg@3": 0.0,
    "success@3": 0.0,
    "f1@3": 0.0,
    "precision@5": 0.0,
    "recall@5": 0.0,
    "ndcg@5": 0.0,
    "success@5": 0.0,
    "f1@5": 0.0,
    "precision@10": 0.125,
    "recall@10": 0.3333333333333333,
    "ndcg@10": 0.16716045496620227,
    "success@10": 0.0,
    "f1@10": 0.18181818181818182,
    "mrr": 0.16666666666666666,
    "edit_similarity": 0.22730080296479308,
    "applied": false,
    "tests_passed": false,
    "fail_to_pass": 0,
    "pass_to_pass": 0,
    "token_usage": 63190.0,
    "latency_s": 227.75770053100132,
    "ttft_s": 9.007832300994778
  }
}