{
  "instance_id": "django__django-14672",
  "gatherer": "agentless",
  "model": null,
  "metrics": {
    "precision@1": 0.0,
    "recall@1": 0.0,
    "ndcg@1": 0.0,
    "success@1": 0.0,
    "f1@1": 0.0,
    "precision@3": 0.3333333333333333,
    "recall@3": 0.3333333333333333,
    "ndcg@3": 0.2960819109658652,
    "success@3": 0.0,
    "f1@3": 0.3333333333333333,
    "precision@5": 0.2,
    "recall@5": 0.25,
    "ndcg@5": 0.24630238874073,
    "success@5": 0.0,
    "f1@5": 0.22222222222222224,
    "precision@10": 0.125,
    "recall@10": 0.25,
    "ndcg@10": 0.24630238874073,
    "success@10": 0.0,
    "f1@10": 0.16666666666666666,
    "mrr": 0.5,
    "edit_similarity": 0.5269461077844312,
    "applied": false,
    "tests_passed": false,
    "fail_to_pass": 0,
    "pass_to_pass": 0,
    "token_usage": 63869.0,
    "latency_s": 135.59890432700922,
    "ttft_s": 9.34986361899064
  }
}