{
  "instance_id": "django__django-15252",
  "gatherer": "agentless_bm25",
  "model": null,
  "metrics": {
    "precision@1": 1.0,
    "recall@1": 1.0,
    "ndcg@1": 1.0,
    "success@1": 0.0,
    "f1@1": 1.0,
    "precision@3": 0.3333333333333333,
    "recall@3": 0.3333333333333333,
    "ndcg@3": 0.46927872602275644,
    "success@3": 0.0,
    "f1@3": 0.3333333333333333,
    "precision@5": 0.2,
    "recall@5": 0.3333333333333333,
    "ndcg@5": 0.46927872602275644,
    "success@5": 0.0,
    "f1@5": 0.25,
    "precision@10": 0.2,
    "recall@10": 0.6666666666666666,
    "ndcg@10": 0.6364391809889587,
    "success@10": 0.0,
    "f1@10": 0.30769230769230765,
    "mrr": 1.0,
    "edit_similarity": 0.20682628629648497,
    "applied": false,
    "tests_passed": false,
    "fail_to_pass": 0,
    "pass_to_pass": 0,
    "token_usage": 86187.0,
    "latency_s": 232.98580413599848,
    "ttft_s": 9.508309898003063
  }
}