{
  "instance_id": "django__django-14997",
  "gatherer": "agentic_bm25",
  "model": null,
  "metrics": {
    "precision@1": 0.0,
    "recall@1": 0.0,
    "ndcg@1": 0.0,
    "success@1": 0.0,
    "f1@1": 0.0,
    "precision@3": 0.5,
    "recall@3": 0.3333333333333333,
    "ndcg@3": 0.2960819109658652,
    "success@3": 0.0,
    "f1@3": 0.4,
    "precision@5": 0.5,
    "recall@5": 0.3333333333333333,
    "ndcg@5": 0.2960819109658652,
    "success@5": 0.0,
    "f1@5": 0.4,
    "precision@10": 0.5,
    "recall@10": 0.3333333333333333,
    "ndcg@10": 0.2960819109658652,
    "success@10": 0.0,
    "f1@10": 0.4,
    "mrr": 0.5,
    "applied": false,
    "tests_passed": false,
    "fail_to_pass": 0,
    "pass_to_pass": 0,
    "token_usage": 68924.0,
    "latency_s": 14.373769256999367,
    "ttft_s": 1.4065629620017717
  }
}