{
  "instance_id": "django__django-15061",
  "gatherer": "agentless_bm25",
  "model": null,
  "metrics": {
    "precision@1": 1.0,
    "recall@1": 1.0,
    "ndcg@1": 1.0,
    "success@1": 0.0,
    "f1@1": 1.0,
    "precision@3": 0.3333333333333333,
    "recall@3": 0.3333333333333333,
    "ndcg@3": 0.46927872602275644,
    "success@3": 0.0,
    "f1@3": 0.3333333333333333,
    "precision@5": 0.2,
    "recall@5": 0.25,
    "ndcg@5": 0.3903800499921017,
    "success@5": 0.0,
    "f1@5": 0.22222222222222224,
    "precision@10": 0.125,
    "recall@10": 0.25,
    "ndcg@10": 0.3903800499921017,
    "success@10": 0.0,
    "f1@10": 0.16666666666666666,
    "mrr": 1.0,
    "edit_similarity": 0.4348894348894349,
    "applied": false,
    "tests_passed": false,
    "fail_to_pass": 0,
    "pass_to_pass": 0,
    "token_usage": 48336.0,
    "latency_s": 78.935610585002,
    "ttft_s": 8.09910615500121
  }
}