{
  "instance_id": "django__django-13551",
  "gatherer": "agentless_bm25",
  "model": null,
  "metrics": {
    "precision@1": 0.0,
    "recall@1": 0.0,
    "ndcg@1": 0.0,
    "success@1": 0.0,
    "f1@1": 0.0,
    "precision@3": 0.3333333333333333,
    "recall@3": 0.3333333333333333,
    "ndcg@3": 0.2960819109658652,
    "success@3": 0.0,
    "f1@3": 0.3333333333333333,
    "precision@5": 0.2,
    "recall@5": 0.2,
    "ndcg@5": 0.21398626473452756,
    "success@5": 0.0,
    "f1@5": 0.20000000000000004,
    "precision@10": 0.1,
    "recall@10": 0.2,
    "ndcg@10": 0.21398626473452756,
    "success@10": 0.0,
    "f1@10": 0.13333333333333333,
    "mrr": 0.5,
    "edit_similarity": 0.41723136495643753,
    "applied": false,
    "tests_passed": false,
    "fail_to_pass": 0,
    "pass_to_pass": 0,
    "token_usage": 49717.0,
    "latency_s": 130.75115425800323,
    "ttft_s": 8.323384511997574
  }
}