{
  "instance_id": "django__django-13925",
  "gatherer": "agentless_bm25",
  "model": null,
  "metrics": {
    "precision@1": 0.0,
    "recall@1": 0.0,
    "ndcg@1": 0.0,
    "success@1": 0.0,
    "f1@1": 0.0,
    "precision@3": 0.3333333333333333,
    "recall@3": 0.5,
    "ndcg@3": 0.38685280723454163,
    "success@3": 0.0,
    "f1@3": 0.4,
    "precision@5": 0.2,
    "recall@5": 0.5,
    "ndcg@5": 0.38685280723454163,
    "success@5": 0.0,
    "f1@5": 0.28571428571428575,
    "precision@10": 0.2857142857142857,
    "recall@10": 1.0,
    "ndcg@10": 0.6052602440527057,
    "success@10": 1.0,
    "f1@10": 0.4444444444444445,
    "mrr": 0.5,
    "edit_similarity": 0.20651162790697675,
    "applied": false,
    "tests_passed": false,
    "fail_to_pass": 0,
    "pass_to_pass": 0,
    "token_usage": 61199.0,
    "latency_s": 115.60688610400393,
    "ttft_s": 8.352734332002
  }
}