{
  "instance_id": "django__django-15061",
  "gatherer": "rag_hybrid",
  "model": null,
  "metrics": {
    "precision@1": 0.0,
    "recall@1": 0.0,
    "ndcg@1": 0.0,
    "success@1": 0.0,
    "f1@1": 0.0,
    "precision@3": 0.3333333333333333,
    "recall@3": 0.3333333333333333,
    "ndcg@3": 0.23463936301137822,
    "success@3": 0.0,
    "f1@3": 0.3333333333333333,
    "precision@5": 0.2,
    "recall@5": 0.25,
    "ndcg@5": 0.19519002499605084,
    "success@5": 0.0,
    "f1@5": 0.22222222222222224,
    "precision@10": 0.1,
    "recall@10": 0.25,
    "ndcg@10": 0.19519002499605084,
    "success@10": 0.0,
    "f1@10": 0.14285714285714288,
    "mrr": 0.3333333333333333,
    "applied": false,
    "tests_passed": false,
    "fail_to_pass": 0,
    "pass_to_pass": 0,
    "token_usage": 0.0,
    "latency_s": 2.3915728840074735,
    "ttft_s": null
  }
}