{
  "instance_id": "django__django-12470",
  "gatherer": "agentless_bm25",
  "model": null,
  "metrics": {
    "precision@1": 0.0,
    "recall@1": 0.0,
    "ndcg@1": 0.0,
    "success@1": 0.0,
    "f1@1": 0.0,
    "precision@3": 0.3333333333333333,
    "recall@3": 0.3333333333333333,
    "ndcg@3": 0.2960819109658652,
    "success@3": 0.0,
    "f1@3": 0.3333333333333333,
    "precision@5": 0.4,
    "recall@5": 0.6666666666666666,
    "ndcg@5": 0.4776237035032179,
    "success@5": 0.0,
    "f1@5": 0.5,
    "precision@10": 0.2,
    "recall@10": 0.6666666666666666,
    "ndcg@10": 0.4776237035032179,
    "success@10": 0.0,
    "f1@10": 0.30769230769230765,
    "mrr": 0.5,
    "edit_similarity": 0.12813667912439936,
    "applied": false,
    "tests_passed": false,
    "fail_to_pass": 0,
    "pass_to_pass": 0,
    "token_usage": 60423.0,
    "latency_s": 239.87849700300285,
    "ttft_s": 7.986775467004918
  }
}