{
  "instance_id": "django__django-13448",
  "gatherer": "agentless_bm25",
  "model": null,
  "metrics": {
    "precision@1": 1.0,
    "recall@1": 1.0,
    "ndcg@1": 1.0,
    "success@1": 0.0,
    "f1@1": 1.0,
    "precision@3": 0.3333333333333333,
    "recall@3": 0.3333333333333333,
    "ndcg@3": 0.46927872602275644,
    "success@3": 0.0,
    "f1@3": 0.3333333333333333,
    "precision@5": 0.2,
    "recall@5": 0.2,
    "ndcg@5": 0.3391602052736161,
    "success@5": 0.0,
    "f1@5": 0.20000000000000004,
    "precision@10": 0.1,
    "recall@10": 0.16666666666666666,
    "ndcg@10": 0.3026024134988135,
    "success@10": 0.0,
    "f1@10": 0.125,
    "mrr": 1.0,
    "edit_similarity": 0.4731404958677686,
    "applied": false,
    "tests_passed": false,
    "fail_to_pass": 0,
    "pass_to_pass": 0,
    "token_usage": 67518.0,
    "latency_s": 186.55196100800094,
    "ttft_s": 8.878399524997803
  }
}