{
  "instance_id": "django__django-12497",
  "gatherer": "agentless_bm25",
  "model": null,
  "metrics": {
    "precision@1": 1.0,
    "recall@1": 1.0,
    "ndcg@1": 1.0,
    "success@1": 0.0,
    "f1@1": 1.0,
    "precision@3": 0.3333333333333333,
    "recall@3": 0.5,
    "ndcg@3": 0.6131471927654584,
    "success@3": 0.0,
    "f1@3": 0.4,
    "precision@5": 0.2,
    "recall@5": 0.5,
    "ndcg@5": 0.6131471927654584,
    "success@5": 0.0,
    "f1@5": 0.28571428571428575,
    "precision@10": 0.2222222222222222,
    "recall@10": 1.0,
    "ndcg@10": 0.8315546295836225,
    "success@10": 1.0,
    "f1@10": 0.3636363636363636,
    "mrr": 1.0,
    "edit_similarity": 0.4138132865086333,
    "applied": false,
    "tests_passed": false,
    "fail_to_pass": 0,
    "pass_to_pass": 0,
    "token_usage": 51672.0,
    "latency_s": 127.37985118299548,
    "ttft_s": 8.321465699998953
  }
}