{
  "instance_id": "django__django-15320",
  "gatherer": "agentless_bm25",
  "model": null,
  "metrics": {
    "precision@1": 0.0,
    "recall@1": 0.0,
    "ndcg@1": 0.0,
    "success@1": 0.0,
    "f1@1": 0.0,
    "precision@3": 0.0,
    "recall@3": 0.0,
    "ndcg@3": 0.0,
    "success@3": 0.0,
    "f1@3": 0.0,
    "precision@5": 0.0,
    "recall@5": 0.0,
    "ndcg@5": 0.0,
    "success@5": 0.0,
    "f1@5": 0.0,
    "precision@10": 0.1,
    "recall@10": 0.5,
    "ndcg@10": 0.19342640361727081,
    "success@10": 0.0,
    "f1@10": 0.16666666666666669,
    "mrr": 0.125,
    "edit_similarity": 0.21841890790546048,
    "applied": false,
    "tests_passed": false,
    "fail_to_pass": 0,
    "pass_to_pass": 0,
    "token_usage": 50069.0,
    "latency_s": 124.2277305030002,
    "ttft_s": 8.614165204999154
  }
}