{
  "instance_id": "django__django-10924",
  "gatherer": "agentless",
  "model": null,
  "metrics": {
    "precision@1": 0.0,
    "recall@1": 0.0,
    "ndcg@1": 0.0,
    "success@1": 0.0,
    "f1@1": 0.0,
    "precision@3": 0.3333333333333333,
    "recall@3": 0.5,
    "ndcg@3": 0.3065735963827292,
    "success@3": 0.0,
    "f1@3": 0.4,
    "precision@5": 0.2,
    "recall@5": 0.5,
    "ndcg@5": 0.3065735963827292,
    "success@5": 0.0,
    "f1@5": 0.28571428571428575,
    "precision@10": 0.1111111111111111,
    "recall@10": 0.5,
    "ndcg@10": 0.3065735963827292,
    "success@10": 0.0,
    "f1@10": 0.1818181818181818,
    "mrr": 0.3333333333333333,
    "edit_similarity": 0.34659593280282935,
    "applied": false,
    "tests_passed": false,
    "fail_to_pass": 0,
    "pass_to_pass": 0,
    "token_usage": 71412.0,
    "latency_s": 135.73021617800987,
    "ttft_s": 8.48514260200318
  }
}