{
  "instance_id": "django__django-11019",
  "gatherer": "agentless_bm25",
  "model": null,
  "metrics": {
    "precision@1": 1.0,
    "recall@1": 1.0,
    "ndcg@1": 1.0,
    "success@1": 0.0,
    "f1@1": 1.0,
    "precision@3": 0.6666666666666666,
    "recall@3": 0.6666666666666666,
    "ndcg@3": 0.7653606369886217,
    "success@3": 0.0,
    "f1@3": 0.6666666666666666,
    "precision@5": 0.4,
    "recall@5": 0.5,
    "ndcg@5": 0.6366824387328317,
    "success@5": 0.0,
    "f1@5": 0.4444444444444445,
    "precision@10": 0.2,
    "recall@10": 0.5,
    "ndcg@10": 0.6366824387328317,
    "success@10": 0.0,
    "f1@10": 0.28571428571428575,
    "mrr": 1.0,
    "edit_similarity": 0.08279569892473118,
    "applied": false,
    "tests_passed": false,
    "fail_to_pass": 0,
    "pass_to_pass": 0,
    "token_usage": 77804.0,
    "latency_s": 196.44874712300225,
    "ttft_s": 8.850405575001787
  }
}