{
  "instance_id": "django__django-16816",
  "gatherer": "agentless_bm25",
  "model": null,
  "metrics": {
    "precision@1": 0.0,
    "recall@1": 0.0,
    "ndcg@1": 0.0,
    "success@1": 0.0,
    "f1@1": 0.0,
    "precision@3": 0.0,
    "recall@3": 0.0,
    "ndcg@3": 0.0,
    "success@3": 0.0,
    "f1@3": 0.0,
    "precision@5": 0.0,
    "recall@5": 0.0,
    "ndcg@5": 0.0,
    "success@5": 0.0,
    "f1@5": 0.0,
    "precision@10": 0.14285714285714285,
    "recall@10": 0.5,
    "ndcg@10": 0.20438239758848611,
    "success@10": 0.0,
    "f1@10": 0.22222222222222224,
    "mrr": 0.14285714285714285,
    "applied": false,
    "tests_passed": false,
    "fail_to_pass": 0,
    "pass_to_pass": 0,
    "token_usage": 76241.0,
    "latency_s": 263.705887297001,
    "ttft_s": 11.03472587500437
  }
}