{
  "instance_id": "django__django-12983",
  "gatherer": "agentic_bm25",
  "model": null,
  "metrics": {
    "precision@1": 1.0,
    "recall@1": 1.0,
    "ndcg@1": 1.0,
    "success@1": 0.0,
    "f1@1": 1.0,
    "precision@3": 0.6666666666666666,
    "recall@3": 1.0,
    "ndcg@3": 1.0,
    "success@3": 1.0,
    "f1@3": 0.8,
    "precision@5": 0.6666666666666666,
    "recall@5": 1.0,
    "ndcg@5": 1.0,
    "success@5": 1.0,
    "f1@5": 0.8,
    "precision@10": 0.6666666666666666,
    "recall@10": 1.0,
    "ndcg@10": 1.0,
    "success@10": 1.0,
    "f1@10": 0.8,
    "mrr": 1.0,
    "applied": false,
    "tests_passed": false,
    "fail_to_pass": 0,
    "pass_to_pass": 0,
    "token_usage": 21163.0,
    "latency_s": 6.175237336999999,
    "ttft_s": 1.0101449649991991
  }
}