{
  "instance_id": "django__django-15814",
  "gatherer": "agentless",
  "model": null,
  "metrics": {
    "precision@1": 0.0,
    "recall@1": 0.0,
    "ndcg@1": 0.0,
    "success@1": 0.0,
    "f1@1": 0.0,
    "precision@3": 0.3333333333333333,
    "recall@3": 0.5,
    "ndcg@3": 0.38685280723454163,
    "success@3": 0.0,
    "f1@3": 0.4,
    "precision@5": 0.4,
    "recall@5": 1.0,
    "ndcg@5": 0.6240505200038379,
    "success@5": 1.0,
    "f1@5": 0.5714285714285715,
    "precision@10": 0.2222222222222222,
    "recall@10": 1.0,
    "ndcg@10": 0.6240505200038379,
    "success@10": 1.0,
    "f1@10": 0.3636363636363636,
    "mrr": 0.5,
    "edit_similarity": 0.2503987240829346,
    "applied": false,
    "tests_passed": false,
    "fail_to_pass": 0,
    "pass_to_pass": 0,
    "token_usage": 60129.0,
    "latency_s": 161.8394159419986,
    "ttft_s": 9.104988081002375
  }
}