{
  "instance_id": "django__django-16820",
  "gatherer": "agentless_bm25",
  "model": null,
  "metrics": {
    "precision@1": 0.0,
    "recall@1": 0.0,
    "ndcg@1": 0.0,
    "success@1": 0.0,
    "f1@1": 0.0,
    "precision@3": 0.0,
    "recall@3": 0.0,
    "ndcg@3": 0.0,
    "success@3": 0.0,
    "f1@3": 0.0,
    "precision@5": 0.2,
    "recall@5": 0.3333333333333333,
    "ndcg@5": 0.20210734650054757,
    "success@5": 0.0,
    "f1@5": 0.25,
    "precision@10": 0.1,
    "recall@10": 0.3333333333333333,
    "ndcg@10": 0.20210734650054757,
    "success@10": 0.0,
    "f1@10": 0.15384615384615383,
    "mrr": 0.25,
    "edit_similarity": 0.08394810480793691,
    "applied": false,
    "tests_passed": false,
    "fail_to_pass": 0,
    "pass_to_pass": 0,
    "token_usage": 70043.0,
    "latency_s": 250.67846886500047,
    "ttft_s": 10.755954009997367
  }
}