{
  "instance_id": "django__django-13448",
  "gatherer": "agentic_bm25",
  "model": null,
  "metrics": {
    "precision@1": 0.0,
    "recall@1": 0.0,
    "ndcg@1": 0.0,
    "success@1": 0.0,
    "f1@1": 0.0,
    "precision@3": 0.5,
    "recall@3": 0.3333333333333333,
    "ndcg@3": 0.2960819109658652,
    "success@3": 0.0,
    "f1@3": 0.4,
    "precision@5": 0.5,
    "recall@5": 0.2,
    "ndcg@5": 0.21398626473452756,
    "success@5": 0.0,
    "f1@5": 0.28571428571428575,
    "precision@10": 0.5,
    "recall@10": 0.16666666666666666,
    "ndcg@10": 0.1909208661789347,
    "success@10": 0.0,
    "f1@10": 0.25,
    "mrr": 0.5,
    "applied": false,
    "tests_passed": false,
    "fail_to_pass": 0,
    "pass_to_pass": 0,
    "token_usage": 36926.0,
    "latency_s": 11.499201395003183,
    "ttft_s": 1.8849024820010527
  }
}