{
  "instance_id": "django__django-13230",
  "gatherer": "agentless",
  "model": null,
  "metrics": {
    "precision@1": 1.0,
    "recall@1": 1.0,
    "ndcg@1": 1.0,
    "success@1": 0.0,
    "f1@1": 1.0,
    "precision@3": 1.0,
    "recall@3": 1.0,
    "ndcg@3": 1.0,
    "success@3": 1.0,
    "f1@3": 1.0,
    "precision@5": 0.6,
    "recall@5": 1.0,
    "ndcg@5": 1.0,
    "success@5": 1.0,
    "f1@5": 0.7499999999999999,
    "precision@10": 0.42857142857142855,
    "recall@10": 1.0,
    "ndcg@10": 1.0,
    "success@10": 1.0,
    "f1@10": 0.6,
    "mrr": 1.0,
    "edit_similarity": 0.3305019305019305,
    "applied": false,
    "tests_passed": false,
    "fail_to_pass": 0,
    "pass_to_pass": 0,
    "token_usage": 59145.0,
    "latency_s": 242.92699545499636,
    "ttft_s": 8.690224802005105
  }
}