{
  "instance_id": "django__django-14730",
  "gatherer": "agentless",
  "model": null,
  "metrics": {
    "precision@1": 1.0,
    "recall@1": 1.0,
    "ndcg@1": 1.0,
    "success@1": 0.0,
    "f1@1": 1.0,
    "precision@3": 0.3333333333333333,
    "recall@3": 0.3333333333333333,
    "ndcg@3": 0.46927872602275644,
    "success@3": 0.0,
    "f1@3": 0.3333333333333333,
    "precision@5": 0.2,
    "recall@5": 0.25,
    "ndcg@5": 0.3903800499921017,
    "success@5": 0.0,
    "f1@5": 0.22222222222222224,
    "precision@10": 0.1,
    "recall@10": 0.25,
    "ndcg@10": 0.3903800499921017,
    "success@10": 0.0,
    "f1@10": 0.14285714285714288,
    "mrr": 1.0,
    "applied": false,
    "tests_passed": false,
    "fail_to_pass": 0,
    "pass_to_pass": 0,
    "token_usage": 64201.0,
    "latency_s": 249.40643220600032,
    "ttft_s": 8.690354472986655
  }
}