{
  "instance_id": "django__django-15498",
  "gatherer": "agentless_bm25",
  "model": null,
  "metrics": {
    "precision@1": 0.0,
    "recall@1": 0.0,
    "ndcg@1": 0.0,
    "success@1": 0.0,
    "f1@1": 0.0,
    "precision@3": 0.3333333333333333,
    "recall@3": 0.5,
    "ndcg@3": 0.3065735963827292,
    "success@3": 0.0,
    "f1@3": 0.4,
    "precision@5": 0.4,
    "recall@5": 1.0,
    "ndcg@5": 0.5706417189553201,
    "success@5": 1.0,
    "f1@5": 0.5714285714285715,
    "precision@10": 0.2,
    "recall@10": 1.0,
    "ndcg@10": 0.5706417189553201,
    "success@10": 1.0,
    "f1@10": 0.33333333333333337,
    "mrr": 0.3333333333333333,
    "edit_similarity": 0.23851732473811443,
    "applied": false,
    "tests_passed": false,
    "fail_to_pass": 0,
    "pass_to_pass": 0,
    "token_usage": 58691.0,
    "latency_s": 230.2100438399939,
    "ttft_s": 8.5220133959956
  }
}