{
  "instance_id": "django__django-12915",
  "gatherer": "react_agent",
  "model": null,
  "metrics": {
    "precision@1": 0.0,
    "recall@1": 0.0,
    "ndcg@1": 0.0,
    "success@1": 0.0,
    "f1@1": 0.0,
    "precision@3": 0.5,
    "recall@3": 0.3333333333333333,
    "ndcg@3": 0.2960819109658652,
    "success@3": 0.0,
    "f1@3": 0.4,
    "precision@5": 0.5,
    "recall@5": 0.25,
    "ndcg@5": 0.24630238874073,
    "success@5": 0.0,
    "f1@5": 0.3333333333333333,
    "precision@10": 0.5,
    "recall@10": 0.25,
    "ndcg@10": 0.24630238874073,
    "success@10": 0.0,
    "f1@10": 0.3333333333333333,
    "mrr": 0.5,
    "applied": false,
    "tests_passed": false,
    "fail_to_pass": 0,
    "pass_to_pass": 0,
    "token_usage": 39008.0,
    "latency_s": 13.689128420999623,
    "ttft_s": 1.441544368994073
  }
}