{
  "instance_id": "django__django-13551",
  "gatherer": "rag_dense",
  "model": null,
  "metrics": {
    "precision@1": 0.0,
    "recall@1": 0.0,
    "ndcg@1": 0.0,
    "success@1": 0.0,
    "f1@1": 0.0,
    "precision@3": 0.3333333333333333,
    "recall@3": 0.3333333333333333,
    "ndcg@3": 0.2960819109658652,
    "success@3": 0.0,
    "f1@3": 0.3333333333333333,
    "precision@5": 0.2,
    "recall@5": 0.2,
    "ndcg@5": 0.21398626473452756,
    "success@5": 0.0,
    "f1@5": 0.20000000000000004,
    "precision@10": 0.2,
    "recall@10": 0.4,
    "ndcg@10": 0.32097939710179135,
    "success@10": 0.0,
    "f1@10": 0.26666666666666666,
    "mrr": 0.5,
    "applied": false,
    "tests_passed": false,
    "fail_to_pass": 0,
    "pass_to_pass": 0,
    "token_usage": 0.0,
    "latency_s": 1.7657108239945956,
    "ttft_s": null
  }
}