{
  "instance_id": "django__django-12908",
  "gatherer": "agentless",
  "model": null,
  "metrics": {
    "precision@1": 0.0,
    "recall@1": 0.0,
    "ndcg@1": 0.0,
    "success@1": 0.0,
    "f1@1": 0.0,
    "precision@3": 0.3333333333333333,
    "recall@3": 0.5,
    "ndcg@3": 0.38685280723454163,
    "success@3": 0.0,
    "f1@3": 0.4,
    "precision@5": 0.2,
    "recall@5": 0.5,
    "ndcg@5": 0.38685280723454163,
    "success@5": 0.0,
    "f1@5": 0.28571428571428575,
    "precision@10": 0.1,
    "recall@10": 0.5,
    "ndcg@10": 0.38685280723454163,
    "success@10": 0.0,
    "f1@10": 0.16666666666666669,
    "mrr": 0.5,
    "edit_similarity": 0.3188405797101449,
    "applied": false,
    "tests_passed": false,
    "fail_to_pass": 0,
    "pass_to_pass": 0,
    "token_usage": 51243.0,
    "latency_s": 104.66505034200964,
    "ttft_s": 8.142351681992295
  }
}