{
  "instance_id": "matplotlib__matplotlib-22835",
  "gatherer": "agentless",
  "model": null,
  "metrics": {
    "precision@1": 0.0,
    "recall@1": 0.0,
    "ndcg@1": 0.0,
    "success@1": 0.0,
    "f1@1": 0.0,
    "precision@3": 0.6666666666666666,
    "recall@3": 1.0,
    "ndcg@3": 0.6934264036172708,
    "success@3": 1.0,
    "f1@3": 0.8,
    "precision@5": 0.4,
    "recall@5": 1.0,
    "ndcg@5": 0.6934264036172708,
    "success@5": 1.0,
    "f1@5": 0.5714285714285715,
    "precision@10": 0.3333333333333333,
    "recall@10": 1.0,
    "ndcg@10": 0.6934264036172708,
    "success@10": 1.0,
    "f1@10": 0.5,
    "mrr": 0.5,
    "edit_similarity": 0.40665584415584416,
    "applied": false,
    "tests_passed": false,
    "fail_to_pass": 0,
    "pass_to_pass": 0,
    "token_usage": 58524.0,
    "latency_s": 191.80543733600643,
    "ttft_s": 3.570101136996527
  }
}