{
  "instance_id": "matplotlib__matplotlib-22711",
  "gatherer": "agentless",
  "model": null,
  "metrics": {
    "precision@1": 1.0,
    "recall@1": 1.0,
    "ndcg@1": 1.0,
    "success@1": 0.0,
    "f1@1": 1.0,
    "precision@3": 0.3333333333333333,
    "recall@3": 0.5,
    "ndcg@3": 0.6131471927654584,
    "success@3": 0.0,
    "f1@3": 0.4,
    "precision@5": 0.4,
    "recall@5": 1.0,
    "ndcg@5": 0.8772153153380493,
    "success@5": 1.0,
    "f1@5": 0.5714285714285715,
    "precision@10": 0.25,
    "recall@10": 1.0,
    "ndcg@10": 0.8772153153380493,
    "success@10": 1.0,
    "f1@10": 0.4,
    "mrr": 1.0,
    "edit_similarity": 0.2608346709470305,
    "applied": false,
    "tests_passed": false,
    "fail_to_pass": 0,
    "pass_to_pass": 0,
    "token_usage": 46092.0,
    "latency_s": 88.27297212999838,
    "ttft_s": 3.5678261700086296
  }
}