{
  "instance_id": "matplotlib__matplotlib-23562",
  "gatherer": "agentless",
  "model": null,
  "metrics": {
    "precision@1": 0.0,
    "recall@1": 0.0,
    "ndcg@1": 0.0,
    "success@1": 0.0,
    "f1@1": 0.0,
    "precision@3": 0.3333333333333333,
    "recall@3": 0.5,
    "ndcg@3": 0.38685280723454163,
    "success@3": 0.0,
    "f1@3": 0.4,
    "precision@5": 0.2,
    "recall@5": 0.5,
    "ndcg@5": 0.38685280723454163,
    "success@5": 0.0,
    "f1@5": 0.28571428571428575,
    "precision@10": 0.1111111111111111,
    "recall@10": 0.5,
    "ndcg@10": 0.38685280723454163,
    "success@10": 0.0,
    "f1@10": 0.1818181818181818,
    "mrr": 0.5,
    "edit_similarity": 0.46776611694152925,
    "applied": false,
    "tests_passed": false,
    "fail_to_pass": 0,
    "pass_to_pass": 0,
    "token_usage": 52751.0,
    "latency_s": 162.34532534300524,
    "ttft_s": 3.416931518004276
  }
}