{
  "instance_id": "mwaskom__seaborn-2848",
  "gatherer": "agentless_bm25",
  "model": null,
  "metrics": {
    "precision@1": 0.0,
    "recall@1": 0.0,
    "ndcg@1": 0.0,
    "success@1": 0.0,
    "f1@1": 0.0,
    "precision@3": 0.0,
    "recall@3": 0.0,
    "ndcg@3": 0.0,
    "success@3": 0.0,
    "f1@3": 0.0,
    "precision@5": 0.2,
    "recall@5": 0.5,
    "ndcg@5": 0.2640681225725909,
    "success@5": 0.0,
    "f1@5": 0.28571428571428575,
    "precision@10": 0.1,
    "recall@10": 0.5,
    "ndcg@10": 0.2640681225725909,
    "success@10": 0.0,
    "f1@10": 0.16666666666666669,
    "mrr": 0.25,
    "edit_similarity": 0.24232887490165225,
    "applied": false,
    "tests_passed": false,
    "fail_to_pass": 0,
    "pass_to_pass": 0,
    "token_usage": 31227.0,
    "latency_s": 187.05809334099467,
    "ttft_s": 1.5593698619995848
  }
}