{
  "instance_id": "pallets__flask-5063",
  "gatherer": "agentless_bm25",
  "model": null,
  "metrics": {
    "precision@1": 0.0,
    "recall@1": 0.0,
    "ndcg@1": 0.0,
    "success@1": 0.0,
    "f1@1": 0.0,
    "precision@3": 0.0,
    "recall@3": 0.0,
    "ndcg@3": 0.0,
    "success@3": 0.0,
    "f1@3": 0.0,
    "precision@5": 0.2,
    "recall@5": 0.5,
    "ndcg@5": 0.2640681225725909,
    "success@5": 0.0,
    "f1@5": 0.28571428571428575,
    "precision@10": 0.1111111111111111,
    "recall@10": 0.5,
    "ndcg@10": 0.2640681225725909,
    "success@10": 0.0,
    "f1@10": 0.1818181818181818,
    "mrr": 0.25,
    "edit_similarity": 0.05737704918032787,
    "applied": false,
    "tests_passed": false,
    "fail_to_pass": 0,
    "pass_to_pass": 0,
    "token_usage": 41082.0,
    "latency_s": 250.11139699700288,
    "ttft_s": 1.5175642570029595
  }
}