{
  "instance_id": "psf__requests-2148",
  "gatherer": "agentic_bm25",
  "model": null,
  "metrics": {
    "precision@1": 0.0,
    "recall@1": 0.0,
    "ndcg@1": 0.0,
    "success@1": 0.0,
    "f1@1": 0.0,
    "precision@3": 0.0,
    "recall@3": 0.0,
    "ndcg@3": 0.0,
    "success@3": 0.0,
    "f1@3": 0.0,
    "precision@5": 0.25,
    "recall@5": 0.5,
    "ndcg@5": 0.2640681225725909,
    "success@5": 0.0,
    "f1@5": 0.3333333333333333,
    "precision@10": 0.25,
    "recall@10": 0.5,
    "ndcg@10": 0.2640681225725909,
    "success@10": 0.0,
    "f1@10": 0.3333333333333333,
    "mrr": 0.25,
    "applied": false,
    "tests_passed": false,
    "fail_to_pass": 0,
    "pass_to_pass": 0,
    "token_usage": 50084.0,
    "latency_s": 12.293008073997044,
    "ttft_s": 1.4155795679980656
  }
}