{
  "instance_id": "pydata__xarray-3364",
  "gatherer": "rag_hybrid",
  "model": null,
  "metrics": {
    "precision@1": 1.0,
    "recall@1": 1.0,
    "ndcg@1": 1.0,
    "success@1": 0.0,
    "f1@1": 1.0,
    "precision@3": 0.3333333333333333,
    "recall@3": 0.3333333333333333,
    "ndcg@3": 0.46927872602275644,
    "success@3": 0.0,
    "f1@3": 0.3333333333333333,
    "precision@5": 0.2,
    "recall@5": 0.3333333333333333,
    "ndcg@5": 0.46927872602275644,
    "success@5": 0.0,
    "f1@5": 0.25,
    "precision@10": 0.1,
    "recall@10": 0.3333333333333333,
    "ndcg@10": 0.46927872602275644,
    "success@10": 0.0,
    "f1@10": 0.15384615384615383,
    "mrr": 1.0,
    "applied": false,
    "tests_passed": false,
    "fail_to_pass": 0,
    "pass_to_pass": 0,
    "token_usage": 0.0,
    "latency_s": 0.6922798680025153,
    "ttft_s": null
  }
}