{
  "instance_id": "pydata__xarray-4493",
  "gatherer": "agentic_bm25",
  "model": null,
  "metrics": {
    "precision@1": 0.0,
    "recall@1": 0.0,
    "ndcg@1": 0.0,
    "success@1": 0.0,
    "f1@1": 0.0,
    "precision@3": 0.3333333333333333,
    "recall@3": 0.3333333333333333,
    "ndcg@3": 0.23463936301137822,
    "success@3": 0.0,
    "f1@3": 0.3333333333333333,
    "precision@5": 0.4,
    "recall@5": 0.4,
    "ndcg@5": 0.3156484524795145,
    "success@5": 0.0,
    "f1@5": 0.4000000000000001,
    "precision@10": 0.4,
    "recall@10": 0.4,
    "ndcg@10": 0.3156484524795145,
    "success@10": 0.0,
    "f1@10": 0.4000000000000001,
    "mrr": 0.3333333333333333,
    "applied": false,
    "tests_passed": false,
    "fail_to_pass": 0,
    "pass_to_pass": 0,
    "token_usage": 80444.0,
    "latency_s": 14.432712937999895,
    "ttft_s": 1.6435327130020596
  }
}