{
  "instance_id": "pydata__xarray-3364",
  "gatherer": "rag_bm25",
  "model": null,
  "metrics": {
    "precision@1": 0.0,
    "recall@1": 0.0,
    "ndcg@1": 0.0,
    "success@1": 0.0,
    "f1@1": 0.0,
    "precision@3": 0.0,
    "recall@3": 0.0,
    "ndcg@3": 0.0,
    "success@3": 0.0,
    "f1@3": 0.0,
    "precision@5": 0.0,
    "recall@5": 0.0,
    "ndcg@5": 0.0,
    "success@5": 0.0,
    "f1@5": 0.0,
    "precision@10": 0.1,
    "recall@10": 0.3333333333333333,
    "ndcg@10": 0.14126697285982898,
    "success@10": 0.0,
    "f1@10": 0.15384615384615383,
    "mrr": 0.1111111111111111,
    "applied": false,
    "tests_passed": false,
    "fail_to_pass": 0,
    "pass_to_pass": 0,
    "token_usage": 0.0,
    "latency_s": 0.08292435099428985,
    "ttft_s": null
  }
}