{
  "instance_id": "pydata__xarray-4493",
  "gatherer": "react_agent",
  "model": null,
  "metrics": {
    "precision@1": 1.0,
    "recall@1": 1.0,
    "ndcg@1": 1.0,
    "success@1": 0.0,
    "f1@1": 1.0,
    "precision@3": 0.6666666666666666,
    "recall@3": 0.6666666666666666,
    "ndcg@3": 0.7039180890341347,
    "success@3": 0.0,
    "f1@3": 0.6666666666666666,
    "precision@5": 0.75,
    "recall@5": 0.6,
    "ndcg@5": 0.6548086577531307,
    "success@5": 0.0,
    "f1@5": 0.6666666666666665,
    "precision@10": 0.75,
    "recall@10": 0.6,
    "ndcg@10": 0.6548086577531307,
    "success@10": 0.0,
    "f1@10": 0.6666666666666665,
    "mrr": 1.0,
    "applied": false,
    "tests_passed": false,
    "fail_to_pass": 0,
    "pass_to_pass": 0,
    "token_usage": 63365.0,
    "latency_s": 18.632504990004236,
    "ttft_s": 1.4088418250030372
  }
}