{
  "instance_id": "pylint-dev__pylint-7080",
  "gatherer": "react_agent",
  "model": null,
  "metrics": {
    "precision@1": 0.0,
    "recall@1": 0.0,
    "ndcg@1": 0.0,
    "success@1": 0.0,
    "f1@1": 0.0,
    "precision@3": 0.3333333333333333,
    "recall@3": 0.5,
    "ndcg@3": 0.3065735963827292,
    "success@3": 0.0,
    "f1@3": 0.4,
    "precision@5": 0.3333333333333333,
    "recall@5": 0.5,
    "ndcg@5": 0.3065735963827292,
    "success@5": 0.0,
    "f1@5": 0.4,
    "precision@10": 0.3333333333333333,
    "recall@10": 0.5,
    "ndcg@10": 0.3065735963827292,
    "success@10": 0.0,
    "f1@10": 0.4,
    "mrr": 0.3333333333333333,
    "applied": false,
    "tests_passed": false,
    "fail_to_pass": 0,
    "pass_to_pass": 0,
    "token_usage": 154663.0,
    "latency_s": 19.600704896991374,
    "ttft_s": 2.820197749999352
  }
}