{
  "instance_id": "pylint-dev__pylint-7114",
  "gatherer": "agentless_bm25",
  "model": null,
  "metrics": {
    "precision@1": 0.0,
    "recall@1": 0.0,
    "ndcg@1": 0.0,
    "success@1": 0.0,
    "f1@1": 0.0,
    "precision@3": 0.3333333333333333,
    "recall@3": 0.3333333333333333,
    "ndcg@3": 0.23463936301137822,
    "success@3": 0.0,
    "f1@3": 0.3333333333333333,
    "precision@5": 0.2,
    "recall@5": 0.3333333333333333,
    "ndcg@5": 0.23463936301137822,
    "success@5": 0.0,
    "f1@5": 0.25,
    "precision@10": 0.1111111111111111,
    "recall@10": 0.3333333333333333,
    "ndcg@10": 0.23463936301137822,
    "success@10": 0.0,
    "f1@10": 0.16666666666666666,
    "mrr": 0.3333333333333333,
    "applied": false,
    "tests_passed": false,
    "fail_to_pass": 0,
    "pass_to_pass": 0,
    "token_usage": 58596.0,
    "latency_s": 266.0708288629976,
    "ttft_s": 10.655962740005634
  }
}