{
  "instance_id": "pytest-dev__pytest-7490",
  "gatherer": "agentless",
  "model": null,
  "metrics": {
    "precision@1": 0.0,
    "recall@1": 0.0,
    "ndcg@1": 0.0,
    "success@1": 0.0,
    "f1@1": 0.0,
    "precision@3": 0.0,
    "recall@3": 0.0,
    "ndcg@3": 0.0,
    "success@3": 0.0,
    "f1@3": 0.0,
    "precision@5": 0.0,
    "recall@5": 0.0,
    "ndcg@5": 0.0,
    "success@5": 0.0,
    "f1@5": 0.0,
    "precision@10": 0.2,
    "recall@10": 1.0,
    "ndcg@10": 0.37800210039683896,
    "success@10": 1.0,
    "f1@10": 0.33333333333333337,
    "mrr": 0.125,
    "applied": false,
    "tests_passed": false,
    "fail_to_pass": 0,
    "pass_to_pass": 0,
    "token_usage": 65352.0,
    "latency_s": 258.4241207239975,
    "ttft_s": 2.626471838011639
  }
}