{
  "instance_id": "pytest-dev__pytest-8906",
  "gatherer": "agentless_bm25",
  "model": null,
  "metrics": {
    "precision@1": 0.0,
    "recall@1": 0.0,
    "ndcg@1": 0.0,
    "success@1": 0.0,
    "f1@1": 0.0,
    "precision@3": 0.3333333333333333,
    "recall@3": 0.5,
    "ndcg@3": 0.38685280723454163,
    "success@3": 0.0,
    "f1@3": 0.4,
    "precision@5": 0.2,
    "recall@5": 0.5,
    "ndcg@5": 0.38685280723454163,
    "success@5": 0.0,
    "f1@5": 0.28571428571428575,
    "precision@10": 0.2,
    "recall@10": 1.0,
    "ndcg@10": 0.5714285040141098,
    "success@10": 1.0,
    "f1@10": 0.33333333333333337,
    "mrr": 0.5,
    "edit_similarity": 0.1871345029239766,
    "applied": false,
    "tests_passed": false,
    "fail_to_pass": 0,
    "pass_to_pass": 0,
    "token_usage": 31687.0,
    "latency_s": 99.8191241099994,
    "ttft_s": 2.1639664250033093
  }
}