{
  "instance_id": "pytest-dev__pytest-9359",
  "gatherer": "agentless_bm25",
  "model": null,
  "metrics": {
    "precision@1": 0.0,
    "recall@1": 0.0,
    "ndcg@1": 0.0,
    "success@1": 0.0,
    "f1@1": 0.0,
    "precision@3": 0.0,
    "recall@3": 0.0,
    "ndcg@3": 0.0,
    "success@3": 0.0,
    "f1@3": 0.0,
    "precision@5": 0.0,
    "recall@5": 0.0,
    "ndcg@5": 0.0,
    "success@5": 0.0,
    "f1@5": 0.0,
    "precision@10": 0.1,
    "recall@10": 0.5,
    "ndcg@10": 0.21840743681816419,
    "success@10": 0.0,
    "f1@10": 0.16666666666666669,
    "mrr": 0.16666666666666666,
    "applied": false,
    "tests_passed": false,
    "fail_to_pass": 0,
    "pass_to_pass": 0,
    "token_usage": 48422.0,
    "latency_s": 270.09507040999597,
    "ttft_s": 1.9771353179967264
  }
}