{
  "instance_id": "scikit-learn__scikit-learn-13142",
  "gatherer": "agentless",
  "model": null,
  "metrics": {
    "precision@1": 0.0,
    "recall@1": 0.0,
    "ndcg@1": 0.0,
    "success@1": 0.0,
    "f1@1": 0.0,
    "precision@3": 0.6666666666666666,
    "recall@3": 0.6666666666666666,
    "ndcg@3": 0.5307212739772434,
    "success@3": 0.0,
    "f1@3": 0.6666666666666666,
    "precision@5": 0.4,
    "recall@5": 0.6666666666666666,
    "ndcg@5": 0.5307212739772434,
    "success@5": 0.0,
    "f1@5": 0.5,
    "precision@10": 0.2,
    "recall@10": 0.6666666666666666,
    "ndcg@10": 0.5307212739772434,
    "success@10": 0.0,
    "f1@10": 0.30769230769230765,
    "mrr": 0.5,
    "edit_similarity": 0.18147684605757197,
    "applied": false,
    "tests_passed": false,
    "fail_to_pass": 0,
    "pass_to_pass": 0,
    "token_usage": 52206.0,
    "latency_s": 224.4109249789908,
    "ttft_s": 3.1441059919889085
  }
}