{
  "instance_id": "scikit-learn__scikit-learn-13142",
  "gatherer": "react_agent",
  "model": null,
  "metrics": {
    "precision@1": 0.0,
    "recall@1": 0.0,
    "ndcg@1": 0.0,
    "success@1": 0.0,
    "f1@1": 0.0,
    "precision@3": 0.6666666666666666,
    "recall@3": 0.6666666666666666,
    "ndcg@3": 0.5307212739772434,
    "success@3": 0.0,
    "f1@3": 0.6666666666666666,
    "precision@5": 0.5,
    "recall@5": 0.6666666666666666,
    "ndcg@5": 0.5307212739772434,
    "success@5": 0.0,
    "f1@5": 0.5714285714285715,
    "precision@10": 0.5,
    "recall@10": 0.6666666666666666,
    "ndcg@10": 0.5307212739772434,
    "success@10": 0.0,
    "f1@10": 0.5714285714285715,
    "mrr": 0.5,
    "applied": false,
    "tests_passed": false,
    "fail_to_pass": 0,
    "pass_to_pass": 0,
    "token_usage": 123841.0,
    "latency_s": 21.242702053990797,
    "ttft_s": 1.4383220890013035
  }
}