{
  "instance_id": "scikit-learn__scikit-learn-25747",
  "gatherer": "react_agent",
  "model": null,
  "metrics": {
    "precision@1": 0.0,
    "recall@1": 0.0,
    "ndcg@1": 0.0,
    "success@1": 0.0,
    "f1@1": 0.0,
    "precision@3": 0.3333333333333333,
    "recall@3": 0.5,
    "ndcg@3": 0.38685280723454163,
    "success@3": 0.0,
    "f1@3": 0.4,
    "precision@5": 0.3333333333333333,
    "recall@5": 0.5,
    "ndcg@5": 0.38685280723454163,
    "success@5": 0.0,
    "f1@5": 0.4,
    "precision@10": 0.3333333333333333,
    "recall@10": 0.5,
    "ndcg@10": 0.38685280723454163,
    "success@10": 0.0,
    "f1@10": 0.4,
    "mrr": 0.5,
    "applied": false,
    "tests_passed": false,
    "fail_to_pass": 0,
    "pass_to_pass": 0,
    "token_usage": 51584.0,
    "latency_s": 14.973219109000638,
    "ttft_s": 1.8716472720116144
  }
}