{
  "instance_id": "scikit-learn__scikit-learn-13142",
  "gatherer": "agentless_bm25",
  "model": null,
  "metrics": {
    "precision@1": 0.0,
    "recall@1": 0.0,
    "ndcg@1": 0.0,
    "success@1": 0.0,
    "f1@1": 0.0,
    "precision@3": 0.3333333333333333,
    "recall@3": 0.3333333333333333,
    "ndcg@3": 0.2960819109658652,
    "success@3": 0.0,
    "f1@3": 0.3333333333333333,
    "precision@5": 0.4,
    "recall@5": 0.6666666666666666,
    "ndcg@5": 0.4776237035032179,
    "success@5": 0.0,
    "f1@5": 0.5,
    "precision@10": 0.3333333333333333,
    "recall@10": 1.0,
    "ndcg@10": 0.6340499455108034,
    "success@10": 1.0,
    "f1@10": 0.5,
    "mrr": 0.5,
    "edit_similarity": 0.2903010033444816,
    "applied": false,
    "tests_passed": false,
    "fail_to_pass": 0,
    "pass_to_pass": 0,
    "token_usage": 46720.0,
    "latency_s": 259.961608712998,
    "ttft_s": 4.202571825997438
  }
}