{
  "instance_id": "scikit-learn__scikit-learn-25638",
  "gatherer": "react_agent",
  "model": null,
  "metrics": {
    "precision@1": 1.0,
    "recall@1": 1.0,
    "ndcg@1": 1.0,
    "success@1": 0.0,
    "f1@1": 1.0,
    "precision@3": 0.6666666666666666,
    "recall@3": 0.6666666666666666,
    "ndcg@3": 0.7039180890341347,
    "success@3": 0.0,
    "f1@3": 0.6666666666666666,
    "precision@5": 0.4,
    "recall@5": 0.5,
    "ndcg@5": 0.5855700749881525,
    "success@5": 0.0,
    "f1@5": 0.4444444444444445,
    "precision@10": 0.4,
    "recall@10": 0.5,
    "ndcg@10": 0.5855700749881525,
    "success@10": 0.0,
    "f1@10": 0.4444444444444445,
    "mrr": 1.0,
    "applied": false,
    "tests_passed": false,
    "fail_to_pass": 0,
    "pass_to_pass": 0,
    "token_usage": 82137.0,
    "latency_s": 23.983713972003898,
    "ttft_s": 1.306581733006169
  }
}