{
  "instance_id": "scikit-learn__scikit-learn-13241",
  "gatherer": "agentless_bm25",
  "model": null,
  "metrics": {
    "precision@1": 1.0,
    "recall@1": 1.0,
    "ndcg@1": 1.0,
    "success@1": 0.0,
    "f1@1": 1.0,
    "precision@3": 0.6666666666666666,
    "recall@3": 0.6666666666666666,
    "ndcg@3": 0.7653606369886217,
    "success@3": 0.0,
    "f1@3": 0.6666666666666666,
    "precision@5": 0.4,
    "recall@5": 0.6666666666666666,
    "ndcg@5": 0.7653606369886217,
    "success@5": 0.0,
    "f1@5": 0.5,
    "precision@10": 0.3,
    "recall@10": 1.0,
    "ndcg@10": 0.9325210919548239,
    "success@10": 1.0,
    "f1@10": 0.4615384615384615,
    "mrr": 1.0,
    "edit_similarity": 0.36661211129296234,
    "applied": false,
    "tests_passed": false,
    "fail_to_pass": 0,
    "pass_to_pass": 0,
    "token_usage": 57443.0,
    "latency_s": 138.8444488110108,
    "ttft_s": 5.003838005999569
  }
}