{
  "instance_id": "sphinx-doc__sphinx-10451",
  "gatherer": "react_agent",
  "model": null,
  "metrics": {
    "precision@1": 1.0,
    "recall@1": 1.0,
    "ndcg@1": 1.0,
    "success@1": 0.0,
    "f1@1": 1.0,
    "precision@3": 0.6666666666666666,
    "recall@3": 0.6666666666666666,
    "ndcg@3": 0.7039180890341347,
    "success@3": 0.0,
    "f1@3": 0.6666666666666666,
    "precision@5": 0.6666666666666666,
    "recall@5": 0.4,
    "ndcg@5": 0.5087403079104241,
    "success@5": 0.0,
    "f1@5": 0.5,
    "precision@10": 0.6666666666666666,
    "recall@10": 0.2222222222222222,
    "ndcg@10": 0.3525683241217281,
    "success@10": 0.0,
    "f1@10": 0.3333333333333333,
    "mrr": 1.0,
    "applied": false,
    "tests_passed": false,
    "fail_to_pass": 0,
    "pass_to_pass": 0,
    "token_usage": 14657.0,
    "latency_s": 7.802506887994241,
    "ttft_s": 2.1351797280076426
  }
}