{
  "instance_id": "sphinx-doc__sphinx-10451",
  "gatherer": "agentless",
  "model": null,
  "metrics": {
    "precision@1": 0.0,
    "recall@1": 0.0,
    "ndcg@1": 0.0,
    "success@1": 0.0,
    "f1@1": 0.0,
    "precision@3": 0.0,
    "recall@3": 0.0,
    "ndcg@3": 0.0,
    "success@3": 0.0,
    "f1@3": 0.0,
    "precision@5": 0.2,
    "recall@5": 0.2,
    "ndcg@5": 0.13120507751234178,
    "success@5": 0.0,
    "f1@5": 0.20000000000000004,
    "precision@10": 0.1,
    "recall@10": 0.1111111111111111,
    "ndcg@10": 0.09092803061897885,
    "success@10": 0.0,
    "f1@10": 0.10526315789473685,
    "mrr": 0.2,
    "edit_similarity": 0.2304147465437788,
    "applied": false,
    "tests_passed": false,
    "fail_to_pass": 0,
    "pass_to_pass": 0,
    "token_usage": 50131.0,
    "latency_s": 221.21870098501677,
    "ttft_s": 3.076801852992503
  }
}