{
  "instance_id": "sphinx-doc__sphinx-10451",
  "gatherer": "agentless_bm25",
  "model": null,
  "metrics": {
    "precision@1": 1.0,
    "recall@1": 1.0,
    "ndcg@1": 1.0,
    "success@1": 0.0,
    "f1@1": 1.0,
    "precision@3": 0.6666666666666666,
    "recall@3": 0.6666666666666666,
    "ndcg@3": 0.7653606369886217,
    "success@3": 0.0,
    "f1@3": 0.6666666666666666,
    "precision@5": 0.6,
    "recall@5": 0.6,
    "ndcg@5": 0.6843515475204855,
    "success@5": 0.0,
    "f1@5": 0.6,
    "precision@10": 0.3,
    "recall@10": 0.3333333333333333,
    "ndcg@10": 0.4742708106036134,
    "success@10": 0.0,
    "f1@10": 0.3157894736842105,
    "mrr": 1.0,
    "edit_similarity": 0.1378366042902784,
    "applied": false,
    "tests_passed": false,
    "fail_to_pass": 0,
    "pass_to_pass": 0,
    "token_usage": 29837.0,
    "latency_s": 80.33910666299926,
    "ttft_s": 3.9484202849998837
  }
}