{
  "instance_id": "sphinx-doc__sphinx-10451",
  "gatherer": "rag_hybrid",
  "model": null,
  "metrics": {
    "precision@1": 1.0,
    "recall@1": 1.0,
    "ndcg@1": 1.0,
    "success@1": 0.0,
    "f1@1": 1.0,
    "precision@3": 0.3333333333333333,
    "recall@3": 0.3333333333333333,
    "ndcg@3": 0.46927872602275644,
    "success@3": 0.0,
    "f1@3": 0.3333333333333333,
    "precision@5": 0.2,
    "recall@5": 0.2,
    "ndcg@5": 0.3391602052736161,
    "success@5": 0.0,
    "f1@5": 0.20000000000000004,
    "precision@10": 0.4,
    "recall@10": 0.4444444444444444,
    "ndcg@10": 0.44789332633893136,
    "success@10": 0.0,
    "f1@10": 0.4210526315789474,
    "mrr": 1.0,
    "applied": false,
    "tests_passed": false,
    "fail_to_pass": 0,
    "pass_to_pass": 0,
    "token_usage": 0.0,
    "latency_s": 0.9658406149974326,
    "ttft_s": null
  }
}