{
  "instance_id": "sphinx-doc__sphinx-10451",
  "gatherer": "rag_dense",
  "model": null,
  "metrics": {
    "precision@1": 0.0,
    "recall@1": 0.0,
    "ndcg@1": 0.0,
    "success@1": 0.0,
    "f1@1": 0.0,
    "precision@3": 0.6666666666666666,
    "recall@3": 0.6666666666666666,
    "ndcg@3": 0.5307212739772434,
    "success@3": 0.0,
    "f1@3": 0.6666666666666666,
    "precision@5": 0.4,
    "recall@5": 0.4,
    "ndcg@5": 0.38356636737133565,
    "success@5": 0.0,
    "f1@5": 0.4000000000000001,
    "precision@10": 0.2,
    "recall@10": 0.2222222222222222,
    "ndcg@10": 0.2658200052773918,
    "success@10": 0.0,
    "f1@10": 0.2105263157894737,
    "mrr": 0.5,
    "applied": false,
    "tests_passed": false,
    "fail_to_pass": 0,
    "pass_to_pass": 0,
    "token_usage": 0.0,
    "latency_s": 0.8015740919945529,
    "ttft_s": null
  }
}