{
  "instance_id": "sympy__sympy-13031",
  "gatherer": "agentic_bm25",
  "model": null,
  "metrics": {
    "precision@1": 0.0,
    "recall@1": 0.0,
    "ndcg@1": 0.0,
    "success@1": 0.0,
    "f1@1": 0.0,
    "precision@3": 0.3333333333333333,
    "recall@3": 0.5,
    "ndcg@3": 0.3065735963827292,
    "success@3": 0.0,
    "f1@3": 0.4,
    "precision@5": 0.5,
    "recall@5": 1.0,
    "ndcg@5": 0.5706417189553201,
    "success@5": 1.0,
    "f1@5": 0.6666666666666666,
    "precision@10": 0.5,
    "recall@10": 1.0,
    "ndcg@10": 0.5706417189553201,
    "success@10": 1.0,
    "f1@10": 0.6666666666666666,
    "mrr": 0.3333333333333333,
    "applied": false,
    "tests_passed": false,
    "fail_to_pass": 0,
    "pass_to_pass": 0,
    "token_usage": 56934.0,
    "latency_s": 14.663265752998996,
    "ttft_s": 1.8631346790025418
  }
}