{
  "instance_id": "sympy__sympy-17630",
  "gatherer": "agentless",
  "model": null,
  "metrics": {
    "precision@1": 0.0,
    "recall@1": 0.0,
    "ndcg@1": 0.0,
    "success@1": 0.0,
    "f1@1": 0.0,
    "precision@3": 0.3333333333333333,
    "recall@3": 0.3333333333333333,
    "ndcg@3": 0.2960819109658652,
    "success@3": 0.0,
    "f1@3": 0.3333333333333333,
    "precision@5": 0.2,
    "recall@5": 0.3333333333333333,
    "ndcg@5": 0.2960819109658652,
    "success@5": 0.0,
    "f1@5": 0.25,
    "precision@10": 0.1,
    "recall@10": 0.3333333333333333,
    "ndcg@10": 0.2960819109658652,
    "success@10": 0.0,
    "f1@10": 0.15384615384615383,
    "mrr": 0.5,
    "applied": false,
    "tests_passed": false,
    "fail_to_pass": 0,
    "pass_to_pass": 0,
    "token_usage": 60727.0,
    "latency_s": 253.5223102459986,
    "ttft_s": 5.481515890000082
  }
}