{
  "instance_id": "sympy__sympy-14317",
  "gatherer": "agentless_bm25",
  "model": null,
  "metrics": {
    "precision@1": 1.0,
    "recall@1": 1.0,
    "ndcg@1": 1.0,
    "success@1": 0.0,
    "f1@1": 1.0,
    "precision@3": 0.6666666666666666,
    "recall@3": 1.0,
    "ndcg@3": 0.9197207891481876,
    "success@3": 1.0,
    "f1@3": 0.8,
    "precision@5": 0.4,
    "recall@5": 1.0,
    "ndcg@5": 0.9197207891481876,
    "success@5": 1.0,
    "f1@5": 0.5714285714285715,
    "precision@10": 0.4,
    "recall@10": 1.0,
    "ndcg@10": 0.9197207891481876,
    "success@10": 1.0,
    "f1@10": 0.5714285714285715,
    "mrr": 1.0,
    "edit_similarity": 0.1319516407599309,
    "applied": false,
    "tests_passed": false,
    "fail_to_pass": 0,
    "pass_to_pass": 0,
    "token_usage": 48104.0,
    "latency_s": 220.46598680700117,
    "ttft_s": 5.26566282499698
  }
}