{
  "instance_id": "sympy__sympy-19007",
  "gatherer": "agentless_bm25",
  "model": null,
  "metrics": {
    "precision@1": 1.0,
    "recall@1": 1.0,
    "ndcg@1": 1.0,
    "success@1": 0.0,
    "f1@1": 1.0,
    "precision@3": 0.6666666666666666,
    "recall@3": 0.6666666666666666,
    "ndcg@3": 0.7653606369886217,
    "success@3": 0.0,
    "f1@3": 0.6666666666666666,
    "precision@5": 0.6,
    "recall@5": 1.0,
    "ndcg@5": 0.9674679834891693,
    "success@5": 1.0,
    "f1@5": 0.7499999999999999,
    "precision@10": 0.3,
    "recall@10": 1.0,
    "ndcg@10": 0.9674679834891693,
    "success@10": 1.0,
    "f1@10": 0.4615384615384615,
    "mrr": 1.0,
    "edit_similarity": 0.22870124952669443,
    "applied": false,
    "tests_passed": false,
    "fail_to_pass": 0,
    "pass_to_pass": 0,
    "token_usage": 47713.0,
    "latency_s": 243.53710413900262,
    "ttft_s": 7.536030239993124
  }
}