{
  "instance_id": "sympy__sympy-12236",
  "gatherer": "agentic_bm25",
  "model": null,
  "metrics": {
    "precision@1": 0.0,
    "recall@1": 0.0,
    "ndcg@1": 0.0,
    "success@1": 0.0,
    "f1@1": 0.0,
    "precision@3": 0.3333333333333333,
    "recall@3": 0.3333333333333333,
    "ndcg@3": 0.23463936301137822,
    "success@3": 0.0,
    "f1@3": 0.3333333333333333,
    "precision@5": 0.5,
    "recall@5": 0.6666666666666666,
    "ndcg@5": 0.4367467095119258,
    "success@5": 0.0,
    "f1@5": 0.5714285714285715,
    "precision@10": 0.5,
    "recall@10": 0.6666666666666666,
    "ndcg@10": 0.4367467095119258,
    "success@10": 0.0,
    "f1@10": 0.5714285714285715,
    "mrr": 0.3333333333333333,
    "applied": false,
    "tests_passed": false,
    "fail_to_pass": 0,
    "pass_to_pass": 0,
    "token_usage": 77167.0,
    "latency_s": 18.92860173900044,
    "ttft_s": 1.5307216430010158
  }
}