{
  "instance_id": "sympy__sympy-18087",
  "gatherer": "agentic_bm25",
  "model": null,
  "metrics": {
    "precision@1": 0.0,
    "recall@1": 0.0,
    "ndcg@1": 0.0,
    "success@1": 0.0,
    "f1@1": 0.0,
    "precision@3": 0.6666666666666666,
    "recall@3": 0.6666666666666666,
    "ndcg@3": 0.5307212739772434,
    "success@3": 0.0,
    "f1@3": 0.6666666666666666,
    "precision@5": 0.75,
    "recall@5": 1.0,
    "ndcg@5": 0.7328286204777911,
    "success@5": 1.0,
    "f1@5": 0.8571428571428571,
    "precision@10": 0.75,
    "recall@10": 1.0,
    "ndcg@10": 0.7328286204777911,
    "success@10": 1.0,
    "f1@10": 0.8571428571428571,
    "mrr": 0.5,
    "applied": false,
    "tests_passed": false,
    "fail_to_pass": 0,
    "pass_to_pass": 0,
    "token_usage": 143243.0,
    "latency_s": 26.428656135001802,
    "ttft_s": 1.409680279000895
  }
}