{
  "instance_id": "sympy__sympy-17630",
  "gatherer": "agentic_bm25",
  "model": null,
  "metrics": {
    "precision@1": 0.0,
    "recall@1": 0.0,
    "ndcg@1": 0.0,
    "success@1": 0.0,
    "f1@1": 0.0,
    "precision@3": 0.3333333333333333,
    "recall@3": 0.3333333333333333,
    "ndcg@3": 0.23463936301137822,
    "success@3": 0.0,
    "f1@3": 0.3333333333333333,
    "precision@5": 0.3333333333333333,
    "recall@5": 0.3333333333333333,
    "ndcg@5": 0.23463936301137822,
    "success@5": 0.0,
    "f1@5": 0.3333333333333333,
    "precision@10": 0.3333333333333333,
    "recall@10": 0.3333333333333333,
    "ndcg@10": 0.23463936301137822,
    "success@10": 0.0,
    "f1@10": 0.3333333333333333,
    "mrr": 0.3333333333333333,
    "applied": false,
    "tests_passed": false,
    "fail_to_pass": 0,
    "pass_to_pass": 0,
    "token_usage": 34399.0,
    "latency_s": 12.127118592001352,
    "ttft_s": 1.6829343869976583
  }
}