{
  "instance_id": "sympy__sympy-16792",
  "gatherer": "agentless",
  "model": null,
  "metrics": {
    "precision@1": 0.0,
    "recall@1": 0.0,
    "ndcg@1": 0.0,
    "success@1": 0.0,
    "f1@1": 0.0,
    "precision@3": 0.0,
    "recall@3": 0.0,
    "ndcg@3": 0.0,
    "success@3": 0.0,
    "f1@3": 0.0,
    "precision@5": 0.0,
    "recall@5": 0.0,
    "ndcg@5": 0.0,
    "success@5": 0.0,
    "f1@5": 0.0,
    "precision@10": 0.2,
    "recall@10": 1.0,
    "ndcg@10": 0.39564672360221187,
    "success@10": 1.0,
    "f1@10": 0.33333333333333337,
    "mrr": 0.16666666666666666,
    "edit_similarity": 0.15896980461811722,
    "applied": false,
    "tests_passed": false,
    "fail_to_pass": 0,
    "pass_to_pass": 0,
    "token_usage": 50209.0,
    "latency_s": 127.71658946599928,
    "ttft_s": 4.822131826998884
  }
}