{
  "instance_id": "sympy__sympy-14317",
  "gatherer": "agentless",
  "model": null,
  "metrics": {
    "precision@1": 0.0,
    "recall@1": 0.0,
    "ndcg@1": 0.0,
    "success@1": 0.0,
    "f1@1": 0.0,
    "precision@3": 0.3333333333333333,
    "recall@3": 0.5,
    "ndcg@3": 0.38685280723454163,
    "success@3": 0.0,
    "f1@3": 0.4,
    "precision@5": 0.2,
    "recall@5": 0.5,
    "ndcg@5": 0.38685280723454163,
    "success@5": 0.0,
    "f1@5": 0.28571428571428575,
    "precision@10": 0.25,
    "recall@10": 1.0,
    "ndcg@10": 0.6052602440527057,
    "success@10": 1.0,
    "f1@10": 0.4,
    "mrr": 0.5,
    "edit_similarity": 0.13327980730630268,
    "applied": false,
    "tests_passed": false,
    "fail_to_pass": 0,
    "pass_to_pass": 0,
    "token_usage": 47813.0,
    "latency_s": 208.18279880199952,
    "ttft_s": 4.1607521179994365
  }
}