{
  "instance_id": "sympy__sympy-24909",
  "gatherer": "agentic_bm25",
  "model": null,
  "metrics": {
    "precision@1": 1.0,
    "recall@1": 1.0,
    "ndcg@1": 1.0,
    "success@1": 0.0,
    "f1@1": 1.0,
    "precision@3": 0.6666666666666666,
    "recall@3": 1.0,
    "ndcg@3": 0.9197207891481876,
    "success@3": 1.0,
    "f1@3": 0.8,
    "precision@5": 0.6666666666666666,
    "recall@5": 1.0,
    "ndcg@5": 0.9197207891481876,
    "success@5": 1.0,
    "f1@5": 0.8,
    "precision@10": 0.6666666666666666,
    "recall@10": 1.0,
    "ndcg@10": 0.9197207891481876,
    "success@10": 1.0,
    "f1@10": 0.8,
    "mrr": 1.0,
    "applied": false,
    "tests_passed": false,
    "fail_to_pass": 0,
    "pass_to_pass": 0,
    "token_usage": 99912.0,
    "latency_s": 23.62532887999987,
    "ttft_s": 2.8079284759987786
  }
}