{
  "instance_id": "sympy__sympy-13146",
  "gatherer": "agentless",
  "model": null,
  "metrics": {
    "precision@1": 0.0,
    "recall@1": 0.0,
    "ndcg@1": 0.0,
    "success@1": 0.0,
    "f1@1": 0.0,
    "precision@3": 0.0,
    "recall@3": 0.0,
    "ndcg@3": 0.0,
    "success@3": 0.0,
    "f1@3": 0.0,
    "precision@5": 0.2,
    "recall@5": 0.5,
    "ndcg@5": 0.23719771276929622,
    "success@5": 0.0,
    "f1@5": 0.28571428571428575,
    "precision@10": 0.2,
    "recall@10": 1.0,
    "ndcg@10": 0.42177340954886444,
    "success@10": 1.0,
    "f1@10": 0.33333333333333337,
    "mrr": 0.2,
    "applied": false,
    "tests_passed": false,
    "fail_to_pass": 0,
    "pass_to_pass": 0,
    "token_usage": 60175.0,
    "latency_s": 253.41782201299975,
    "ttft_s": 4.050187140999697
  }
}