{
  "instance_id": "sympy__sympy-13177",
  "gatherer": "agentic_bm25",
  "model": null,
  "metrics": {
    "precision@1": 1.0,
    "recall@1": 1.0,
    "ndcg@1": 1.0,
    "success@1": 0.0,
    "f1@1": 1.0,
    "precision@3": 0.5,
    "recall@3": 0.5,
    "ndcg@3": 0.6131471927654584,
    "success@3": 0.0,
    "f1@3": 0.5,
    "precision@5": 0.5,
    "recall@5": 0.5,
    "ndcg@5": 0.6131471927654584,
    "success@5": 0.0,
    "f1@5": 0.5,
    "precision@10": 0.5,
    "recall@10": 0.5,
    "ndcg@10": 0.6131471927654584,
    "success@10": 0.0,
    "f1@10": 0.5,
    "mrr": 1.0,
    "applied": false,
    "tests_passed": false,
    "fail_to_pass": 0,
    "pass_to_pass": 0,
    "token_usage": 34374.0,
    "latency_s": 9.703436804000376,
    "ttft_s": 1.260557189998508
  }
}