{
  "instance_id": "sympy__sympy-21614",
  "gatherer": "agentic_bm25",
  "model": null,
  "metrics": {
    "precision@1": 0.0,
    "recall@1": 0.0,
    "ndcg@1": 0.0,
    "success@1": 0.0,
    "f1@1": 0.0,
    "precision@3": 0.3333333333333333,
    "recall@3": 0.5,
    "ndcg@3": 0.3065735963827292,
    "success@3": 0.0,
    "f1@3": 0.4,
    "precision@5": 0.25,
    "recall@5": 0.5,
    "ndcg@5": 0.3065735963827292,
    "success@5": 0.0,
    "f1@5": 0.3333333333333333,
    "precision@10": 0.25,
    "recall@10": 0.5,
    "ndcg@10": 0.3065735963827292,
    "success@10": 0.0,
    "f1@10": 0.3333333333333333,
    "mrr": 0.3333333333333333,
    "applied": false,
    "tests_passed": false,
    "fail_to_pass": 0,
    "pass_to_pass": 0,
    "token_usage": 51656.0,
    "latency_s": 13.156141326999204,
    "ttft_s": 1.3097614359976433
  }
}