{
  "instance_id": "sympy__sympy-13031",
  "gatherer": "agentless_bm25",
  "model": null,
  "metrics": {
    "precision@1": 0.0,
    "recall@1": 0.0,
    "ndcg@1": 0.0,
    "success@1": 0.0,
    "f1@1": 0.0,
    "precision@3": 0.0,
    "recall@3": 0.0,
    "ndcg@3": 0.0,
    "success@3": 0.0,
    "f1@3": 0.0,
    "precision@5": 0.0,
    "recall@5": 0.0,
    "ndcg@5": 0.0,
    "success@5": 0.0,
    "f1@5": 0.0,
    "precision@10": 0.2,
    "recall@10": 1.0,
    "ndcg@10": 0.4227898344066503,
    "success@10": 1.0,
    "f1@10": 0.33333333333333337,
    "mrr": 0.16666666666666666,
    "applied": false,
    "tests_passed": false,
    "fail_to_pass": 0,
    "pass_to_pass": 0,
    "token_usage": 51474.0,
    "latency_s": 265.04802261800796,
    "ttft_s": 5.994632554997224
  }
}