{
  "instance_id": "sympy__sympy-22005",
  "gatherer": "agentless",
  "model": null,
  "metrics": {
    "precision@1": 1.0,
    "recall@1": 1.0,
    "ndcg@1": 1.0,
    "success@1": 0.0,
    "f1@1": 1.0,
    "precision@3": 0.6666666666666666,
    "recall@3": 1.0,
    "ndcg@3": 1.0,
    "success@3": 1.0,
    "f1@3": 0.8,
    "precision@5": 0.4,
    "recall@5": 1.0,
    "ndcg@5": 1.0,
    "success@5": 1.0,
    "f1@5": 0.5714285714285715,
    "precision@10": 0.2,
    "recall@10": 1.0,
    "ndcg@10": 1.0,
    "success@10": 1.0,
    "f1@10": 0.33333333333333337,
    "mrr": 1.0,
    "edit_similarity": 0.37282229965156793,
    "applied": false,
    "tests_passed": false,
    "fail_to_pass": 0,
    "pass_to_pass": 0,
    "token_usage": 49311.0,
    "latency_s": 146.67902511400098,
    "ttft_s": 5.553511022000748
  }
}