{
  "instance_id": "sympy__sympy-13480",
  "gatherer": "agentless_bm25",
  "model": null,
  "metrics": {
    "precision@1": 1.0,
    "recall@1": 1.0,
    "ndcg@1": 1.0,
    "success@1": 0.0,
    "f1@1": 1.0,
    "precision@3": 0.3333333333333333,
    "recall@3": 0.5,
    "ndcg@3": 0.6131471927654584,
    "success@3": 0.0,
    "f1@3": 0.4,
    "precision@5": 0.5,
    "recall@5": 1.0,
    "ndcg@5": 0.8772153153380493,
    "success@5": 1.0,
    "f1@5": 0.6666666666666666,
    "precision@10": 0.5,
    "recall@10": 1.0,
    "ndcg@10": 0.8772153153380493,
    "success@10": 1.0,
    "f1@10": 0.6666666666666666,
    "mrr": 1.0,
    "edit_similarity": 0.8926108374384236,
    "applied": false,
    "tests_passed": false,
    "fail_to_pass": 0,
    "pass_to_pass": 0,
    "token_usage": 26986.0,
    "latency_s": 39.250795458996436,
    "ttft_s": 5.241602819005493
  }
}