{
  "instance_id": "sympy__sympy-11897",
  "gatherer": "agentless_bm25",
  "model": null,
  "metrics": {
    "precision@1": 1.0,
    "recall@1": 1.0,
    "ndcg@1": 1.0,
    "success@1": 0.0,
    "f1@1": 1.0,
    "precision@3": 0.3333333333333333,
    "recall@3": 0.5,
    "ndcg@3": 0.6131471927654584,
    "success@3": 0.0,
    "f1@3": 0.4,
    "precision@5": 0.4,
    "recall@5": 1.0,
    "ndcg@5": 0.8503449055347546,
    "success@5": 1.0,
    "f1@5": 0.5714285714285715,
    "precision@10": 0.2222222222222222,
    "recall@10": 1.0,
    "ndcg@10": 0.8503449055347546,
    "success@10": 1.0,
    "f1@10": 0.3636363636363636,
    "mrr": 1.0,
    "edit_similarity": 0.276885043263288,
    "applied": false,
    "tests_passed": false,
    "fail_to_pass": 0,
    "pass_to_pass": 0,
    "token_usage": 48795.0,
    "latency_s": 118.284927856992,
    "ttft_s": 5.849473907001084
  }
}