{
  "instance_id": "sympy__sympy-20154",
  "gatherer": "agentless_bm25",
  "model": null,
  "metrics": {
    "precision@1": 1.0,
    "recall@1": 1.0,
    "ndcg@1": 1.0,
    "success@1": 0.0,
    "f1@1": 1.0,
    "precision@3": 0.3333333333333333,
    "recall@3": 0.5,
    "ndcg@3": 0.6131471927654584,
    "success@3": 0.0,
    "f1@3": 0.4,
    "precision@5": 0.3333333333333333,
    "recall@5": 0.5,
    "ndcg@5": 0.6131471927654584,
    "success@5": 0.0,
    "f1@5": 0.4,
    "precision@10": 0.3333333333333333,
    "recall@10": 0.5,
    "ndcg@10": 0.6131471927654584,
    "success@10": 0.0,
    "f1@10": 0.4,
    "mrr": 1.0,
    "edit_similarity": 0.20625962031811185,
    "applied": false,
    "tests_passed": false,
    "fail_to_pass": 0,
    "pass_to_pass": 0,
    "token_usage": 30582.0,
    "latency_s": 68.49948515200231,
    "ttft_s": 6.061130945003242
  }
}