{
  "instance_id": "sympy__sympy-18087",
  "gatherer": "agentless",
  "model": null,
  "metrics": {
    "precision@1": 0.0,
    "recall@1": 0.0,
    "ndcg@1": 0.0,
    "success@1": 0.0,
    "f1@1": 0.0,
    "precision@3": 0.3333333333333333,
    "recall@3": 0.3333333333333333,
    "ndcg@3": 0.2960819109658652,
    "success@3": 0.0,
    "f1@3": 0.3333333333333333,
    "precision@5": 0.6,
    "recall@5": 1.0,
    "ndcg@5": 0.6797310500037655,
    "success@5": 1.0,
    "f1@5": 0.7499999999999999,
    "precision@10": 0.3,
    "recall@10": 1.0,
    "ndcg@10": 0.6797310500037655,
    "success@10": 1.0,
    "f1@10": 0.4615384615384615,
    "mrr": 0.5,
    "applied": false,
    "tests_passed": false,
    "fail_to_pass": 0,
    "pass_to_pass": 0,
    "token_usage": 56611.0,
    "latency_s": 247.32829576699805,
    "ttft_s": 5.104280056002608
  }
}