{
  "instance_id": "sympy__sympy-17139",
  "gatherer": "agentless",
  "model": null,
  "metrics": {
    "precision@1": 1.0,
    "recall@1": 1.0,
    "ndcg@1": 1.0,
    "success@1": 0.0,
    "f1@1": 1.0,
    "precision@3": 0.3333333333333333,
    "recall@3": 0.3333333333333333,
    "ndcg@3": 0.46927872602275644,
    "success@3": 0.0,
    "f1@3": 0.3333333333333333,
    "precision@5": 0.2,
    "recall@5": 0.3333333333333333,
    "ndcg@5": 0.46927872602275644,
    "success@5": 0.0,
    "f1@5": 0.25,
    "precision@10": 0.25,
    "recall@10": 0.6666666666666666,
    "ndcg@10": 0.6364391809889587,
    "success@10": 0.0,
    "f1@10": 0.36363636363636365,
    "mrr": 1.0,
    "edit_similarity": 0.41737032569360677,
    "applied": false,
    "tests_passed": false,
    "fail_to_pass": 0,
    "pass_to_pass": 0,
    "token_usage": 48932.0,
    "latency_s": 227.9151034359984,
    "ttft_s": 4.576214381999307
  }
}