{
  "instance_id": "sympy__sympy-22840",
  "gatherer": "agentless",
  "model": null,
  "metrics": {
    "precision@1": 0.0,
    "recall@1": 0.0,
    "ndcg@1": 0.0,
    "success@1": 0.0,
    "f1@1": 0.0,
    "precision@3": 0.0,
    "recall@3": 0.0,
    "ndcg@3": 0.0,
    "success@3": 0.0,
    "f1@3": 0.0,
    "precision@5": 0.0,
    "recall@5": 0.0,
    "ndcg@5": 0.0,
    "success@5": 0.0,
    "f1@5": 0.0,
    "precision@10": 0.1,
    "recall@10": 0.3333333333333333,
    "ndcg@10": 0.16716045496620227,
    "success@10": 0.0,
    "f1@10": 0.15384615384615383,
    "mrr": 0.16666666666666666,
    "edit_similarity": 0.048242591316333565,
    "applied": false,
    "tests_passed": false,
    "fail_to_pass": 0,
    "pass_to_pass": 0,
    "token_usage": 85272.0,
    "latency_s": 249.5063504589998,
    "ttft_s": 6.992576347998693
  }
}