{
  "instance_id": "sympy__sympy-13971",
  "gatherer": "agentless_bm25",
  "model": null,
  "metrics": {
    "precision@1": 0.0,
    "recall@1": 0.0,
    "ndcg@1": 0.0,
    "success@1": 0.0,
    "f1@1": 0.0,
    "precision@3": 0.3333333333333333,
    "recall@3": 0.5,
    "ndcg@3": 0.38685280723454163,
    "success@3": 0.0,
    "f1@3": 0.4,
    "precision@5": 0.2,
    "recall@5": 0.5,
    "ndcg@5": 0.38685280723454163,
    "success@5": 0.0,
    "f1@5": 0.28571428571428575,
    "precision@10": 0.2,
    "recall@10": 0.5,
    "ndcg@10": 0.38685280723454163,
    "success@10": 0.0,
    "f1@10": 0.28571428571428575,
    "mrr": 0.5,
    "applied": false,
    "tests_passed": false,
    "fail_to_pass": 0,
    "pass_to_pass": 0,
    "token_usage": 46066.0,
    "latency_s": 258.8603866969934,
    "ttft_s": 4.957204684993485
  }
}