{
  "instance_id": "sympy__sympy-15345",
  "gatherer": "agentic_bm25",
  "model": null,
  "metrics": {
    "precision@1": 0.0,
    "recall@1": 0.0,
    "ndcg@1": 0.0,
    "success@1": 0.0,
    "f1@1": 0.0,
    "precision@3": 0.3333333333333333,
    "recall@3": 0.5,
    "ndcg@3": 0.38685280723454163,
    "success@3": 0.0,
    "f1@3": 0.4,
    "precision@5": 0.5,
    "recall@5": 1.0,
    "ndcg@5": 0.6509209298071326,
    "success@5": 1.0,
    "f1@5": 0.6666666666666666,
    "precision@10": 0.5,
    "recall@10": 1.0,
    "ndcg@10": 0.6509209298071326,
    "success@10": 1.0,
    "f1@10": 0.6666666666666666,
    "mrr": 0.5,
    "applied": false,
    "tests_passed": false,
    "fail_to_pass": 0,
    "pass_to_pass": 0,
    "token_usage": 55585.0,
    "latency_s": 12.575130123997951,
    "ttft_s": 1.332102443997428
  }
}