{
  "instance_id": "django__django-11001",
  "gatherer": "rag_dense",
  "precision@5": 0.2,
  "recall@5": 1.0,
  "ndcg@5": 0.43067655807339306,
  "precision@10": 0.1,
  "recall@10": 1.0,
  "ndcg@10": 0.43067655807339306,
  "precision@20": 0.05,
  "recall@20": 1.0,
  "ndcg@20": 0.43067655807339306,
  "mrr": 0.25,
  "applied": false,
  "tests_passed": false,
  "fail_to_pass": 0,
  "pass_to_pass": 0,
  "token_usage": 0.0,
  "latency_s": 1.267977584968321,
  "ttft_s": null
}