{
  "instance_id": "astropy__astropy-7746",
  "gatherer": "agentless",
  "precision@1": 1.0,
  "recall@1": 1.0,
  "ndcg@1": 1.0,
  "precision@3": 1.0,
  "recall@3": 3.0,
  "ndcg@3": 2.1309297535714578,
  "precision@5": 1.0,
  "recall@5": 5.0,
  "ndcg@5": 2.9484591188793923,
  "precision@10": 1.0,
  "recall@10": 10.0,
  "ndcg@10": 4.543559338088346,
  "mrr": 1.0,
  "edit_similarity": 0.19388516032811334,
  "applied": false,
  "tests_passed": false,
  "fail_to_pass": 0,
  "pass_to_pass": 0,
  "token_usage": 35186.0,
  "latency_s": 198.3021264400004,
  "ttft_s": 6.161841318999905
}