{
  "instance_id": "django__django-12915",
  "gatherer": "agentless",
  "precision@1": 1.0,
  "recall@1": 1.0,
  "ndcg@1": 1.0,
  "precision@3": 0.3333333333333333,
  "recall@3": 1.0,
  "ndcg@3": 1.0,
  "precision@5": 0.4,
  "recall@5": 2.0,
  "ndcg@5": 1.4306765580733931,
  "precision@10": 0.5,
  "recall@10": 5.0,
  "ndcg@10": 2.391413448285032,
  "mrr": 1.0,
  "edit_similarity": 0.5551912568306011,
  "applied": false,
  "tests_passed": false,
  "fail_to_pass": 0,
  "pass_to_pass": 0,
  "token_usage": 30773.0,
  "latency_s": 200.961797517999,
  "ttft_s": 8.07609377100016
}