{
  "instance_id": "django__django-11422",
  "gatherer": "agentless",
  "precision@1": 0.0,
  "recall@1": 0.0,
  "ndcg@1": 0.0,
  "precision@3": 0.0,
  "recall@3": 0.0,
  "ndcg@3": 0.0,
  "precision@5": 0.2,
  "recall@5": 1.0,
  "ndcg@5": 0.43067655807339306,
  "precision@10": 0.1,
  "recall@10": 1.0,
  "ndcg@10": 0.43067655807339306,
  "mrr": 0.25,
  "edit_similarity": 0.3173475429248076,
  "applied": false,
  "tests_passed": false,
  "fail_to_pass": 0,
  "pass_to_pass": 0,
  "token_usage": 30093.0,
  "latency_s": 167.38741411799856,
  "ttft_s": 14.524745811000685
}