{
  "instance_id": "django__django-11905",
  "gatherer": "agentless",
  "precision@1": 1.0,
  "recall@1": 1.0,
  "ndcg@1": 1.0,
  "precision@3": 0.3333333333333333,
  "recall@3": 1.0,
  "ndcg@3": 1.0,
  "precision@5": 0.2,
  "recall@5": 1.0,
  "ndcg@5": 1.0,
  "precision@10": 0.2,
  "recall@10": 2.0,
  "ndcg@10": 1.3333333333333333,
  "mrr": 1.0,
  "edit_similarity": 0.48171368861024033,
  "applied": false,
  "tests_passed": false,
  "fail_to_pass": 0,
  "pass_to_pass": 0,
  "token_usage": 32742.0,
  "latency_s": 200.30203300599896,
  "ttft_s": 7.515695649999543
}