{
  "instance_id": "django__django-11039",
  "gatherer": "rag_hybrid",
  "precision@5": 0.2,
  "recall@5": 1.0,
  "ndcg@5": 0.38685280723454163,
  "precision@10": 0.1,
  "recall@10": 1.0,
  "ndcg@10": 0.38685280723454163,
  "precision@20": 0.05,
  "recall@20": 1.0,
  "ndcg@20": 0.38685280723454163,
  "mrr": 0.2,
  "applied": false,
  "tests_passed": false,
  "fail_to_pass": 0,
  "pass_to_pass": 0,
  "token_usage": 0.0,
  "latency_s": 1.8030523350462317,
  "ttft_s": null
}