{
  "instance_id": "django__django-11815",
  "gatherer": "rag_hybrid",
  "precision@5": 0.0,
  "recall@5": 0.0,
  "ndcg@5": 0.0,
  "precision@10": 0.1,
  "recall@10": 1.0,
  "ndcg@10": 0.3333333333333333,
  "precision@20": 0.05,
  "recall@20": 1.0,
  "ndcg@20": 0.3333333333333333,
  "mrr": 0.14285714285714285,
  "applied": false,
  "tests_passed": false,
  "fail_to_pass": 0,
  "pass_to_pass": 0,
  "token_usage": 0.0,
  "latency_s": 1.8659885129891336,
  "ttft_s": null
}