{
  "instance_id": "pylint-dev__pylint-5859",
  "gatherer": "rag_bm25",
  "precision@5": 0.0,
  "recall@5": 0.0,
  "ndcg@5": 0.0,
  "success@5": 0.0,
  "f1@5": 0.0,
  "precision@10": 0.1,
  "recall@10": 1.0,
  "ndcg@10": 0.3333333333333333,
  "success@10": 1.0,
  "f1@10": 0.18181818181818182,
  "precision@20": 0.05,
  "recall@20": 1.0,
  "ndcg@20": 0.3333333333333333,
  "success@20": 1.0,
  "f1@20": 0.09523809523809523,
  "mrr": 0.14285714285714285,
  "applied": false,
  "tests_passed": false,
  "fail_to_pass": 0,
  "pass_to_pass": 0,
  "token_usage": 0.0,
  "latency_s": 0.11359972495120019,
  "ttft_s": null
}