{
  "instance_id": "django__django-13551",
  "gatherer": "rag_hybrid",
  "model": null,
  "metrics": {
    "precision@1": 0.0,
    "recall@1": 0.0,
    "ndcg@1": 0.0,
    "success@1": 0.0,
    "f1@1": 0.0,
    "precision@3": 0.3333333333333333,
    "recall@3": 0.3333333333333333,
    "ndcg@3": 0.23463936301137822,
    "success@3": 0.0,
    "f1@3": 0.3333333333333333,
    "precision@5": 0.6,
    "recall@5": 0.6,
    "ndcg@5": 0.4468535299918563,
    "success@5": 0.0,
    "f1@5": 0.6,
    "precision@10": 0.4,
    "recall@10": 0.8,
    "ndcg@10": 0.5599069317497283,
    "success@10": 0.0,
    "f1@10": 0.5333333333333333,
    "mrr": 0.3333333333333333,
    "applied": false,
    "tests_passed": false,
    "fail_to_pass": 0,
    "pass_to_pass": 0,
    "token_usage": 0.0,
    "latency_s": 2.3244670539934305,
    "ttft_s": null
  }
}