{
  "instance_id": "django__django-16255",
  "gatherer": "rag_bm25",
  "model": null,
  "metrics": {
    "precision@1": 1.0,
    "recall@1": 1.0,
    "ndcg@1": 1.0,
    "success@1": 0.0,
    "f1@1": 1.0,
    "precision@3": 0.6666666666666666,
    "recall@3": 0.6666666666666666,
    "ndcg@3": 0.7039180890341347,
    "success@3": 0.0,
    "f1@3": 0.6666666666666666,
    "precision@5": 0.6,
    "recall@5": 1.0,
    "ndcg@5": 0.8854598815714874,
    "success@5": 1.0,
    "f1@5": 0.7499999999999999,
    "precision@10": 0.3,
    "recall@10": 1.0,
    "ndcg@10": 0.8854598815714874,
    "success@10": 1.0,
    "f1@10": 0.4615384615384615,
    "mrr": 1.0,
    "applied": false,
    "tests_passed": false,
    "fail_to_pass": 0,
    "pass_to_pass": 0,
    "token_usage": 0.0,
    "latency_s": 0.7871031790054985,
    "ttft_s": null
  }
}