{
  "instance_id": "django__django-12125",
  "gatherer": "rag_hybrid",
  "model": null,
  "metrics": {
    "precision@1": 0.0,
    "recall@1": 0.0,
    "ndcg@1": 0.0,
    "success@1": 0.0,
    "f1@1": 0.0,
    "precision@3": 0.3333333333333333,
    "recall@3": 0.5,
    "ndcg@3": 0.38685280723454163,
    "success@3": 0.0,
    "f1@3": 0.4,
    "precision@5": 0.4,
    "recall@5": 1.0,
    "ndcg@5": 0.6509209298071326,
    "success@5": 1.0,
    "f1@5": 0.5714285714285715,
    "precision@10": 0.2,
    "recall@10": 1.0,
    "ndcg@10": 0.6509209298071326,
    "success@10": 1.0,
    "f1@10": 0.33333333333333337,
    "mrr": 0.5,
    "applied": false,
    "tests_passed": false,
    "fail_to_pass": 0,
    "pass_to_pass": 0,
    "token_usage": 0.0,
    "latency_s": 2.2945291430005454,
    "ttft_s": null
  }
}