{
  "instance_id": "django__django-13448",
  "gatherer": "rag_hybrid",
  "model": null,
  "metrics": {
    "precision@1": 0.0,
    "recall@1": 0.0,
    "ndcg@1": 0.0,
    "success@1": 0.0,
    "f1@1": 0.0,
    "precision@3": 0.0,
    "recall@3": 0.0,
    "ndcg@3": 0.0,
    "success@3": 0.0,
    "f1@3": 0.0,
    "precision@5": 0.0,
    "recall@5": 0.0,
    "ndcg@5": 0.0,
    "success@5": 0.0,
    "f1@5": 0.0,
    "precision@10": 0.1,
    "recall@10": 0.16666666666666666,
    "ndcg@10": 0.10086747116627115,
    "success@10": 0.0,
    "f1@10": 0.125,
    "mrr": 0.14285714285714285,
    "applied": false,
    "tests_passed": false,
    "fail_to_pass": 0,
    "pass_to_pass": 0,
    "token_usage": 0.0,
    "latency_s": 2.3573361359958653,
    "ttft_s": null
  }
}