{
  "instance_id": "pydata__xarray-4493",
  "gatherer": "rag_bm25",
  "model": null,
  "metrics": {
    "precision@1": 0.0,
    "recall@1": 0.0,
    "ndcg@1": 0.0,
    "success@1": 0.0,
    "f1@1": 0.0,
    "precision@3": 0.3333333333333333,
    "recall@3": 0.3333333333333333,
    "ndcg@3": 0.2960819109658652,
    "success@3": 0.0,
    "f1@3": 0.3333333333333333,
    "precision@5": 0.4,
    "recall@5": 0.4,
    "ndcg@5": 0.36005461457723403,
    "success@5": 0.0,
    "f1@5": 0.4000000000000001,
    "precision@10": 0.3,
    "recall@10": 0.6,
    "ndcg@10": 0.4580939004085911,
    "success@10": 0.0,
    "f1@10": 0.4,
    "mrr": 0.5,
    "applied": false,
    "tests_passed": false,
    "fail_to_pass": 0,
    "pass_to_pass": 0,
    "token_usage": 0.0,
    "latency_s": 0.10389892300008796,
    "ttft_s": null
  }
}