{
  "instance_id": "sphinx-doc__sphinx-10451",
  "gatherer": "rag_bm25",
  "model": null,
  "metrics": {
    "precision@1": 1.0,
    "recall@1": 1.0,
    "ndcg@1": 1.0,
    "success@1": 0.0,
    "f1@1": 1.0,
    "precision@3": 1.0,
    "recall@3": 1.0,
    "ndcg@3": 1.0,
    "success@3": 0.0,
    "f1@3": 1.0,
    "precision@5": 0.6,
    "recall@5": 0.6,
    "ndcg@5": 0.7227265726449519,
    "success@5": 0.0,
    "f1@5": 0.6,
    "precision@10": 0.3,
    "recall@10": 0.3333333333333333,
    "ndcg@10": 0.5008655546918773,
    "success@10": 0.0,
    "f1@10": 0.3157894736842105,
    "mrr": 1.0,
    "applied": false,
    "tests_passed": false,
    "fail_to_pass": 0,
    "pass_to_pass": 0,
    "token_usage": 0.0,
    "latency_s": 0.1672880139958579,
    "ttft_s": null
  }
}