{
  "instance_id": "django__django-12125",
  "gatherer": "agentless",
  "precision@1": 1.0,
  "recall@1": 1.0,
  "ndcg@1": 1.0,
  "precision@3": 0.6666666666666666,
  "recall@3": 2.0,
  "ndcg@3": 1.6309297535714575,
  "precision@5": 0.4,
  "recall@5": 2.0,
  "ndcg@5": 1.6309297535714575,
  "precision@10": 0.2,
  "recall@10": 2.0,
  "ndcg@10": 1.6309297535714575,
  "mrr": 1.0,
  "edit_similarity": 0.22899159663865545,
  "applied": false,
  "tests_passed": false,
  "fail_to_pass": 0,
  "pass_to_pass": 0,
  "token_usage": 21563.0,
  "latency_s": 43.77981240000008,
  "ttft_s": 2.2616190000001097
}