{
  "instance_id": "django__django-12983",
  "gatherer": "agentless",
  "precision@1": 0.0,
  "recall@1": 0.0,
  "ndcg@1": 0.0,
  "precision@3": 0.0,
  "recall@3": 0.0,
  "ndcg@3": 0.0,
  "precision@5": 0.2,
  "recall@5": 1.0,
  "ndcg@5": 0.38685280723454163,
  "precision@10": 0.1,
  "recall@10": 1.0,
  "ndcg@10": 0.38685280723454163,
  "mrr": 0.2,
  "edit_similarity": 0.11965811965811966,
  "applied": false,
  "tests_passed": false,
  "fail_to_pass": 0,
  "pass_to_pass": 0,
  "token_usage": 29582.0,
  "latency_s": 97.8238964000002,
  "ttft_s": 20.677207700000054
}