{
  "instance_id": "django__django-12453",
  "gatherer": "agentless",
  "precision@1": 0.0,
  "recall@1": 0.0,
  "ndcg@1": 0.0,
  "precision@3": 0.3333333333333333,
  "recall@3": 1.0,
  "ndcg@3": 0.6309297535714575,
  "precision@5": 0.2,
  "recall@5": 1.0,
  "ndcg@5": 0.6309297535714575,
  "precision@10": 0.1,
  "recall@10": 1.0,
  "ndcg@10": 0.6309297535714575,
  "mrr": 0.5,
  "edit_similarity": 0.2944915254237288,
  "applied": false,
  "tests_passed": false,
  "fail_to_pass": 0,
  "pass_to_pass": 0,
  "token_usage": 18860.0,
  "latency_s": 31.8833110999999,
  "ttft_s": 3.153880599999866
}