{
  "instance_id": "django__django-11905",
  "gatherer": "react_agent",
  "model": null,
  "metrics": {
    "precision@1": 1.0,
    "recall@1": 1.0,
    "ndcg@1": 1.0,
    "success@1": 0.0,
    "f1@1": 1.0,
    "precision@3": 1.0,
    "recall@3": 0.3333333333333333,
    "ndcg@3": 0.46927872602275644,
    "success@3": 0.0,
    "f1@3": 0.5,
    "precision@5": 1.0,
    "recall@5": 0.3333333333333333,
    "ndcg@5": 0.46927872602275644,
    "success@5": 0.0,
    "f1@5": 0.5,
    "precision@10": 1.0,
    "recall@10": 0.3333333333333333,
    "ndcg@10": 0.46927872602275644,
    "success@10": 0.0,
    "f1@10": 0.5,
    "mrr": 1.0,
    "applied": false,
    "tests_passed": false,
    "fail_to_pass": 0,
    "pass_to_pass": 0,
    "token_usage": 86179.0,
    "latency_s": 13.020566947001498,
    "ttft_s": 0.953889871998399
  }
}