{
  "instance_id": "django__django-15814",
  "gatherer": "rag_hybrid",
  "precision@5": 0.0,
  "recall@5": 0.0,
  "ndcg@5": 0.0,
  "success@5": 0.0,
  "f1@5": 0.0,
  "precision@10": 0.0,
  "recall@10": 0.0,
  "ndcg@10": 0.0,
  "success@10": 0.0,
  "f1@10": 0.0,
  "precision@20": 0.05,
  "recall@20": 1.0,
  "ndcg@20": 0.27894294565112987,
  "success@20": 1.0,
  "f1@20": 0.09523809523809523,
  "mrr": 0.09090909090909091,
  "applied": false,
  "tests_passed": false,
  "fail_to_pass": 0,
  "pass_to_pass": 0,
  "token_usage": 0.0,
  "latency_s": 1.983130516950041,
  "ttft_s": null
}