{
  "instance_id": "sympy__sympy-18199",
  "gatherer": "rag_hybrid",
  "precision@5": 0.2,
  "recall@5": 1.0,
  "ndcg@5": 1.0,
  "success@5": 1.0,
  "f1@5": 0.33333333333333337,
  "precision@10": 0.1,
  "recall@10": 1.0,
  "ndcg@10": 1.0,
  "success@10": 1.0,
  "f1@10": 0.18181818181818182,
  "precision@20": 0.05,
  "recall@20": 1.0,
  "ndcg@20": 1.0,
  "success@20": 1.0,
  "f1@20": 0.09523809523809523,
  "mrr": 1.0,
  "applied": false,
  "tests_passed": false,
  "fail_to_pass": 0,
  "pass_to_pass": 0,
  "token_usage": 0.0,
  "latency_s": 1.7575230480870232,
  "ttft_s": null
}