{
  "instance_id": "django__django-11797",
  "gatherer": "rag_bm25",
  "precision@5": 0.0,
  "recall@5": 0.0,
  "ndcg@5": 0.0,
  "precision@10": 0.0,
  "recall@10": 0.0,
  "ndcg@10": 0.0,
  "precision@20": 0.05,
  "recall@20": 1.0,
  "ndcg@20": 0.27894294565112987,
  "mrr": 0.09090909090909091,
  "applied": false,
  "tests_passed": false,
  "fail_to_pass": 0,
  "pass_to_pass": 0,
  "token_usage": 0.0,
  "latency_s": 0.5540830009849742,
  "ttft_s": null
}