{
  "instance_id": "django__django-11583",
  "gatherer": "rag_bm25",
  "precision@5": 0.2,
  "recall@5": 1.0,
  "ndcg@5": 0.6309297535714575,
  "precision@10": 0.1,
  "recall@10": 1.0,
  "ndcg@10": 0.6309297535714575,
  "precision@20": 0.05,
  "recall@20": 1.0,
  "ndcg@20": 0.6309297535714575,
  "mrr": 0.5,
  "applied": false,
  "tests_passed": false,
  "fail_to_pass": 0,
  "pass_to_pass": 0,
  "token_usage": 0.0,
  "latency_s": 0.5556892739841715,
  "ttft_s": null
}