{
  "instance_id": "astropy__astropy-6938",
  "gatherer": "rag_bm25",
  "precision@1": 1.0,
  "recall@1": 0.2,
  "ndcg@1": 1.0,
  "precision@3": 0.6666666666666666,
  "recall@3": 0.4,
  "ndcg@3": 0.7039180890341347,
  "precision@5": 0.4,
  "recall@5": 0.4,
  "ndcg@5": 0.5087403079104241,
  "precision@10": 0.3,
  "recall@10": 0.6,
  "ndcg@10": 0.6295516106099184,
  "mrr": 1.0,
  "applied": false,
  "tests_passed": false,
  "fail_to_pass": 0,
  "pass_to_pass": 0,
  "token_usage": 0.0,
  "latency_s": 0.3396249439999792,
  "ttft_s": null
}