{
  "instance_id": "astropy__astropy-14365",
  "gatherer": "agentless",
  "precision@1": 1.0,
  "recall@1": 0.25,
  "ndcg@1": 1.0,
  "precision@3": 0.6666666666666666,
  "recall@3": 0.5,
  "ndcg@3": 0.7653606369886217,
  "precision@5": 0.4,
  "recall@5": 0.5,
  "ndcg@5": 0.6366824387328317,
  "precision@10": 0.2,
  "recall@10": 0.5,
  "ndcg@10": 0.6366824387328317,
  "mrr": 1.0,
  "edit_similarity": 0.18359057676685622,
  "applied": false,
  "tests_passed": false,
  "fail_to_pass": 0,
  "pass_to_pass": 0,
  "token_usage": 44318.0,
  "latency_s": 244.25429183799997,
  "ttft_s": 42.778489118999914
}