{
  "instance_id": "astropy__astropy-14182",
  "gatherer": "rag_bm25",
  "precision@1": 0.0,
  "recall@1": 0.0,
  "ndcg@1": 0.0,
  "precision@3": 0.3333333333333333,
  "recall@3": 0.25,
  "ndcg@3": 0.23463936301137822,
  "precision@5": 0.2,
  "recall@5": 0.25,
  "ndcg@5": 0.19519002499605084,
  "precision@10": 0.1,
  "recall@10": 0.25,
  "ndcg@10": 0.19519002499605084,
  "mrr": 0.3333333333333333,
  "applied": false,
  "tests_passed": false,
  "fail_to_pass": 0,
  "pass_to_pass": 0,
  "token_usage": 0.0,
  "latency_s": 0.47511444300005223,
  "ttft_s": null
}