{
  "instance_id": "astropy__astropy-12907",
  "gatherer": "agentless",
  "precision@1": 1.0,
  "recall@1": 0.25,
  "ndcg@1": 1.0,
  "precision@3": 0.6666666666666666,
  "recall@3": 0.5,
  "ndcg@3": 0.7653606369886217,
  "precision@5": 0.4,
  "recall@5": 0.5,
  "ndcg@5": 0.6366824387328317,
  "precision@10": 0.2,
  "recall@10": 0.5,
  "ndcg@10": 0.6366824387328317,
  "mrr": 1.0,
  "edit_similarity": 0.228332337118948,
  "applied": false,
  "tests_passed": false,
  "fail_to_pass": 0,
  "pass_to_pass": 0,
  "token_usage": 27382.0,
  "latency_s": 127.20512367799984,
  "ttft_s": 12.273400992000006
}