{
  "instance_id": "astropy__astropy-6938",
  "gatherer": "agentless",
  "precision@1": 1.0,
  "recall@1": 0.2,
  "ndcg@1": 1.0,
  "precision@3": 0.6666666666666666,
  "recall@3": 0.4,
  "ndcg@3": 0.7653606369886217,
  "precision@5": 0.4,
  "recall@5": 0.4,
  "ndcg@5": 0.5531464700081437,
  "precision@10": 0.2,
  "recall@10": 0.4,
  "ndcg@10": 0.5531464700081437,
  "mrr": 1.0,
  "edit_similarity": 0.7544910179640718,
  "applied": false,
  "tests_passed": false,
  "fail_to_pass": 0,
  "pass_to_pass": 0,
  "token_usage": 21956.0,
  "latency_s": 97.91226988100016,
  "ttft_s": 6.649021580999943
}