{
  "instance_id": "astropy__astropy-14995",
  "gatherer": "rag_bm25",
  "precision@1": 1.0,
  "recall@1": 0.14285714285714285,
  "ndcg@1": 1.0,
  "precision@3": 0.3333333333333333,
  "recall@3": 0.14285714285714285,
  "ndcg@3": 0.46927872602275644,
  "precision@5": 0.4,
  "recall@5": 0.2857142857142857,
  "ndcg@5": 0.4703652827859579,
  "precision@10": 0.3,
  "recall@10": 0.42857142857142855,
  "ndcg@10": 0.46067009337728815,
  "mrr": 1.0,
  "applied": false,
  "tests_passed": false,
  "fail_to_pass": 0,
  "pass_to_pass": 0,
  "token_usage": 0.0,
  "latency_s": 0.5255151050000677,
  "ttft_s": null
}