{
  "instance_id": "astropy__astropy-14995",
  "gatherer": "rag_dense",
  "precision@1": 0.0,
  "recall@1": 0.0,
  "ndcg@1": 0.0,
  "precision@3": 0.0,
  "recall@3": 0.0,
  "ndcg@3": 0.0,
  "precision@5": 0.4,
  "recall@5": 0.2857142857142857,
  "ndcg@5": 0.27727342735504823,
  "precision@10": 0.2,
  "recall@10": 0.2857142857142857,
  "ndcg@10": 0.2247194739855928,
  "mrr": 0.25,
  "applied": false,
  "tests_passed": false,
  "fail_to_pass": 0,
  "pass_to_pass": 0,
  "token_usage": 0.0,
  "latency_s": 0.9407230809999874,
  "ttft_s": null
}