{
  "instance_id": "astropy__astropy-14182",
  "gatherer": "react_agent",
  "precision@1": 1.0,
  "recall@1": 0.25,
  "ndcg@1": 1.0,
  "precision@3": 0.6666666666666666,
  "recall@3": 0.5,
  "ndcg@3": 0.7653606369886217,
  "precision@5": 0.4,
  "recall@5": 0.5,
  "ndcg@5": 0.6366824387328317,
  "precision@10": 0.2,
  "recall@10": 0.5,
  "ndcg@10": 0.6366824387328317,
  "mrr": 1.0,
  "applied": false,
  "tests_passed": false,
  "fail_to_pass": 0,
  "pass_to_pass": 0,
  "token_usage": 11220.0,
  "latency_s": 25.34442425499992,
  "ttft_s": 4.304971231000081
}