{
  "instance_id": "astropy__astropy-14995",
  "gatherer": "react_agent",
  "precision@1": 1.0,
  "recall@1": 0.14285714285714285,
  "ndcg@1": 1.0,
  "precision@3": 0.3333333333333333,
  "recall@3": 0.14285714285714285,
  "ndcg@3": 0.46927872602275644,
  "precision@5": 0.2,
  "recall@5": 0.14285714285714285,
  "ndcg@5": 0.3391602052736161,
  "precision@10": 0.1,
  "recall@10": 0.14285714285714285,
  "ndcg@10": 0.27487633291429087,
  "mrr": 1.0,
  "applied": false,
  "tests_passed": false,
  "fail_to_pass": 0,
  "pass_to_pass": 0,
  "token_usage": 50215.0,
  "latency_s": 85.34812926500001,
  "ttft_s": 4.629487033000032
}