{
  "instance_id": "django__django-11049",
  "gatherer": "react_agent",
  "precision@1": 1.0,
  "recall@1": 0.05,
  "ndcg@1": 1.0,
  "precision@3": 0.3333333333333333,
  "recall@3": 0.05,
  "ndcg@3": 0.46927872602275644,
  "precision@5": 0.2,
  "recall@5": 0.05,
  "ndcg@5": 0.3391602052736161,
  "precision@10": 0.1,
  "recall@10": 0.05,
  "ndcg@10": 0.22009176629808017,
  "mrr": 1.0,
  "applied": false,
  "tests_passed": false,
  "fail_to_pass": 0,
  "pass_to_pass": 0,
  "token_usage": 41236.0,
  "latency_s": 84.29714778499988,
  "ttft_s": 3.5125654820001273
}