{
  "instance_id": "django__django-11848",
  "gatherer": "agentless",
  "precision@1": 1.0,
  "recall@1": 0.16666666666666666,
  "ndcg@1": 1.0,
  "precision@3": 0.3333333333333333,
  "recall@3": 0.16666666666666666,
  "ndcg@3": 0.46927872602275644,
  "precision@5": 0.2,
  "recall@5": 0.16666666666666666,
  "ndcg@5": 0.3391602052736161,
  "precision@10": 0.1,
  "recall@10": 0.16666666666666666,
  "ndcg@10": 0.3026024134988135,
  "mrr": 1.0,
  "edit_similarity": 0.2059299191374663,
  "applied": false,
  "tests_passed": false,
  "fail_to_pass": 0,
  "pass_to_pass": 0,
  "token_usage": 33100.0,
  "latency_s": 212.16172420899966,
  "ttft_s": 6.190542084999834
}