{
  "instance_id": "django__django-11422",
  "gatherer": "agentless",
  "precision@1": 1.0,
  "recall@1": 0.1111111111111111,
  "ndcg@1": 1.0,
  "precision@3": 0.3333333333333333,
  "recall@3": 0.1111111111111111,
  "ndcg@3": 0.46927872602275644,
  "precision@5": 0.4,
  "recall@5": 0.2222222222222222,
  "ndcg@5": 0.48522855511632257,
  "precision@10": 0.2,
  "recall@10": 0.2222222222222222,
  "ndcg@10": 0.33627415762678564,
  "mrr": 1.0,
  "edit_similarity": 0.3175182481751825,
  "applied": false,
  "tests_passed": false,
  "fail_to_pass": 0,
  "pass_to_pass": 0,
  "token_usage": 30242.0,
  "latency_s": 157.60233425000024,
  "ttft_s": 13.114243046999945
}