{
  "instance_id": "django__django-11133",
  "gatherer": "rag_bm25",
  "precision@1": 0.0,
  "recall@1": 0.0,
  "ndcg@1": 0.0,
  "precision@3": 0.3333333333333333,
  "recall@3": 0.1,
  "ndcg@3": 0.2960819109658652,
  "precision@5": 0.4,
  "recall@5": 0.2,
  "ndcg@5": 0.36005461457723403,
  "precision@10": 0.2,
  "recall@10": 0.2,
  "ndcg@10": 0.23365080824310533,
  "mrr": 0.5,
  "applied": false,
  "tests_passed": false,
  "fail_to_pass": 0,
  "pass_to_pass": 0,
  "token_usage": 0.0,
  "latency_s": 0.7079985109999143,
  "ttft_s": null
}