{
  "instance_id": "django__django-11422",
  "gatherer": "rag_dense",
  "precision@1": 0.0,
  "recall@1": 0.0,
  "ndcg@1": 0.0,
  "precision@3": 0.3333333333333333,
  "recall@3": 0.1111111111111111,
  "ndcg@3": 0.2960819109658652,
  "precision@5": 0.2,
  "recall@5": 0.1111111111111111,
  "ndcg@5": 0.21398626473452756,
  "precision@10": 0.2,
  "recall@10": 0.2222222222222222,
  "ndcg@10": 0.2320221445693426,
  "mrr": 0.5,
  "applied": false,
  "tests_passed": false,
  "fail_to_pass": 0,
  "pass_to_pass": 0,
  "token_usage": 0.0,
  "latency_s": 1.834565393000048,
  "ttft_s": null
}