{
  "instance_id": "django__django-11039",
  "gatherer": "rag_bm25",
  "precision@1": 0.0,
  "recall@1": 0.0,
  "ndcg@1": 0.0,
  "precision@3": 0.3333333333333333,
  "recall@3": 0.14285714285714285,
  "ndcg@3": 0.2960819109658652,
  "precision@5": 0.2,
  "recall@5": 0.14285714285714285,
  "ndcg@5": 0.21398626473452756,
  "precision@10": 0.4,
  "recall@10": 0.5714285714285714,
  "ndcg@10": 0.42725620203109055,
  "mrr": 0.5,
  "applied": false,
  "tests_passed": false,
  "fail_to_pass": 0,
  "pass_to_pass": 0,
  "token_usage": 0.0,
  "latency_s": 0.6992436259999977,
  "ttft_s": null
}