{
  "instance_id": "django__django-11797",
  "gatherer": "agentless",
  "precision@1": 1.0,
  "recall@1": 0.1111111111111111,
  "ndcg@1": 1.0,
  "precision@3": 0.6666666666666666,
  "recall@3": 0.2222222222222222,
  "ndcg@3": 0.7039180890341347,
  "precision@5": 0.4,
  "recall@5": 0.2222222222222222,
  "ndcg@5": 0.5087403079104241,
  "precision@10": 0.2,
  "recall@10": 0.2222222222222222,
  "ndcg@10": 0.3525683241217281,
  "mrr": 1.0,
  "edit_similarity": 0.32297297297297295,
  "applied": false,
  "tests_passed": false,
  "fail_to_pass": 0,
  "pass_to_pass": 0,
  "token_usage": 21773.0,
  "latency_s": 73.9163930929999,
  "ttft_s": 6.673040001000118
}