{
  "instance_id": "django__django-11019",
  "gatherer": "agentless",
  "precision@1": 1.0,
  "recall@1": 0.07142857142857142,
  "ndcg@1": 1.0,
  "precision@3": 0.3333333333333333,
  "recall@3": 0.07142857142857142,
  "ndcg@3": 0.46927872602275644,
  "precision@5": 0.2,
  "recall@5": 0.07142857142857142,
  "ndcg@5": 0.3391602052736161,
  "precision@10": 0.1,
  "recall@10": 0.07142857142857142,
  "ndcg@10": 0.22009176629808017,
  "mrr": 1.0,
  "edit_similarity": 0.0044381682469235425,
  "applied": false,
  "tests_passed": false,
  "fail_to_pass": 0,
  "pass_to_pass": 0,
  "token_usage": 34879.0,
  "latency_s": 213.30336820599996,
  "ttft_s": 4.926418238999759
}