{
  "instance_id": "django__django-13028",
  "gatherer": "rag_dense",
  "precision@1": 0.0,
  "recall@1": 0.0,
  "ndcg@1": 0.0,
  "precision@3": 0.3333333333333333,
  "recall@3": 0.3333333333333333,
  "ndcg@3": 0.2960819109658652,
  "precision@5": 0.2,
  "recall@5": 0.3333333333333333,
  "ndcg@5": 0.2960819109658652,
  "precision@10": 0.1,
  "recall@10": 0.3333333333333333,
  "ndcg@10": 0.2960819109658652,
  "mrr": 0.5,
  "applied": false,
  "tests_passed": false,
  "fail_to_pass": 0,
  "pass_to_pass": 0,
  "token_usage": 0.0,
  "latency_s": 1.9151805629990122,
  "ttft_s": null
}