{
  "instance_id": "django__django-11179",
  "gatherer": "agentless",
  "precision@1": 1.0,
  "recall@1": 0.25,
  "ndcg@1": 1.0,
  "precision@3": 0.3333333333333333,
  "recall@3": 0.25,
  "ndcg@3": 0.46927872602275644,
  "precision@5": 0.2,
  "recall@5": 0.25,
  "ndcg@5": 0.3903800499921017,
  "precision@10": 0.2,
  "recall@10": 0.5,
  "ndcg@10": 0.5135312443624667,
  "mrr": 1.0,
  "edit_similarity": 0.016194331983805668,
  "applied": false,
  "tests_passed": false,
  "fail_to_pass": 0,
  "pass_to_pass": 0,
  "token_usage": 32813.0,
  "latency_s": 200.65496039500067,
  "ttft_s": 6.660776183000053
}