{
  "instance_id": "django__django-12915",
  "gatherer": "rag_dense",
  "precision@1": 0.0,
  "recall@1": 0.0,
  "ndcg@1": 0.0,
  "precision@3": 0.3333333333333333,
  "recall@3": 0.25,
  "ndcg@3": 0.23463936301137822,
  "precision@5": 0.4,
  "recall@5": 0.5,
  "ndcg@5": 0.36331756126716835,
  "precision@10": 0.2,
  "recall@10": 0.5,
  "ndcg@10": 0.36331756126716835,
  "mrr": 0.3333333333333333,
  "applied": false,
  "tests_passed": false,
  "fail_to_pass": 0,
  "pass_to_pass": 0,
  "token_usage": 0.0,
  "latency_s": 1.8397420959990995,
  "ttft_s": null
}