{
  "instance_id": "django__django-11583",
  "gatherer": "rag_bm25",
  "precision@1": 0.0,
  "recall@1": 0.0,
  "ndcg@1": 0.0,
  "precision@3": 0.6666666666666666,
  "recall@3": 0.2222222222222222,
  "ndcg@3": 0.5307212739772434,
  "precision@5": 0.4,
  "recall@5": 0.2222222222222222,
  "ndcg@5": 0.38356636737133565,
  "precision@10": 0.2,
  "recall@10": 0.2222222222222222,
  "ndcg@10": 0.2658200052773918,
  "mrr": 0.5,
  "applied": false,
  "tests_passed": false,
  "fail_to_pass": 0,
  "pass_to_pass": 0,
  "token_usage": 0.0,
  "latency_s": 0.6895956639999667,
  "ttft_s": null
}