{
  "instance_id": "django__django-11039",
  "gatherer": "react_agent",
  "precision@1": 1.0,
  "recall@1": 0.14285714285714285,
  "ndcg@1": 1.0,
  "precision@3": 0.6666666666666666,
  "recall@3": 0.2857142857142857,
  "ndcg@3": 0.7653606369886217,
  "precision@5": 0.4,
  "recall@5": 0.2857142857142857,
  "ndcg@5": 0.5531464700081437,
  "precision@10": 0.2,
  "recall@10": 0.2857142857142857,
  "ndcg@10": 0.44830398990253034,
  "mrr": 1.0,
  "applied": false,
  "tests_passed": false,
  "fail_to_pass": 0,
  "pass_to_pass": 0,
  "token_usage": 11683.0,
  "latency_s": 40.64796301199999,
  "ttft_s": 3.0198869359999208
}