{
  "instance_id": "django__django-11001",
  "gatherer": "agentless",
  "precision@1": 1.0,
  "recall@1": 0.08333333333333333,
  "ndcg@1": 1.0,
  "precision@3": 0.6666666666666666,
  "recall@3": 0.16666666666666666,
  "ndcg@3": 0.7653606369886217,
  "precision@5": 0.6,
  "recall@5": 0.25,
  "ndcg@5": 0.6992148198508501,
  "precision@10": 0.3,
  "recall@10": 0.25,
  "ndcg@10": 0.4537425745411855,
  "mrr": 1.0,
  "edit_similarity": 0.31597845601436264,
  "applied": false,
  "tests_passed": false,
  "fail_to_pass": 0,
  "pass_to_pass": 0,
  "token_usage": 21899.0,
  "latency_s": 80.83357638400003,
  "ttft_s": 7.636983710000095
}