{
  "instance_id": "django__django-11049",
  "gatherer": "agentless",
  "precision@1": 1.0,
  "recall@1": 0.05,
  "ndcg@1": 1.0,
  "precision@3": 0.3333333333333333,
  "recall@3": 0.05,
  "ndcg@3": 0.46927872602275644,
  "precision@5": 0.6,
  "recall@5": 0.15,
  "ndcg@5": 0.6164336326286644,
  "precision@10": 0.4,
  "recall@10": 0.2,
  "ndcg@10": 0.47842151728792726,
  "mrr": 1.0,
  "edit_similarity": 0.4583808437856328,
  "applied": false,
  "tests_passed": false,
  "fail_to_pass": 0,
  "pass_to_pass": 0,
  "token_usage": 22716.0,
  "latency_s": 106.0862747000001,
  "ttft_s": 16.500776717999997
}