{
  "instance_id": "django__django-10914",
  "gatherer": "agentless",
  "precision@1": 1.0,
  "recall@1": 0.5,
  "ndcg@1": 1.0,
  "precision@3": 0.3333333333333333,
  "recall@3": 0.5,
  "ndcg@3": 0.6131471927654584,
  "precision@5": 0.2,
  "recall@5": 0.5,
  "ndcg@5": 0.6131471927654584,
  "precision@10": 0.1,
  "recall@10": 0.5,
  "ndcg@10": 0.6131471927654584,
  "mrr": 1.0,
  "edit_similarity": 0.2616407982261641,
  "applied": false,
  "tests_passed": false,
  "fail_to_pass": 0,
  "pass_to_pass": 0,
  "token_usage": 20253.0,
  "latency_s": 55.46325904000014,
  "ttft_s": 10.277056256000378
}