{
  "instance_id": "django__django-11001",
  "gatherer": "rag_bm25",
  "precision@1": 1.0,
  "recall@1": 0.08333333333333333,
  "ndcg@1": 1.0,
  "precision@3": 0.6666666666666666,
  "recall@3": 0.16666666666666666,
  "ndcg@3": 0.7653606369886217,
  "precision@5": 0.6,
  "recall@5": 0.25,
  "ndcg@5": 0.6843515475204855,
  "precision@10": 0.3,
  "recall@10": 0.25,
  "ndcg@10": 0.4440973278132557,
  "mrr": 1.0,
  "applied": false,
  "tests_passed": false,
  "fail_to_pass": 0,
  "pass_to_pass": 0,
  "token_usage": 0.0,
  "latency_s": 0.6554541670000162,
  "ttft_s": null
}