{
  "instance_id": "django__django-11422",
  "gatherer": "rag_bm25",
  "precision@1": 1.0,
  "recall@1": 0.1111111111111111,
  "ndcg@1": 1.0,
  "precision@3": 0.6666666666666666,
  "recall@3": 0.2222222222222222,
  "ndcg@3": 0.7653606369886217,
  "precision@5": 0.4,
  "recall@5": 0.2222222222222222,
  "ndcg@5": 0.5531464700081437,
  "precision@10": 0.2,
  "recall@10": 0.2222222222222222,
  "ndcg@10": 0.3833427799846345,
  "mrr": 1.0,
  "applied": false,
  "tests_passed": false,
  "fail_to_pass": 0,
  "pass_to_pass": 0,
  "token_usage": 0.0,
  "latency_s": 0.6436902499999633,
  "ttft_s": null
}