{
  "instance_id": "django__django-11848",
  "gatherer": "react_agent",
  "precision@1": 1.0,
  "recall@1": 0.16666666666666666,
  "ndcg@1": 1.0,
  "precision@3": 0.6666666666666666,
  "recall@3": 0.3333333333333333,
  "ndcg@3": 0.7653606369886217,
  "precision@5": 0.4,
  "recall@5": 0.3333333333333333,
  "ndcg@5": 0.5531464700081437,
  "precision@10": 0.2,
  "recall@10": 0.3333333333333333,
  "ndcg@10": 0.4935232796777482,
  "mrr": 1.0,
  "applied": false,
  "tests_passed": false,
  "fail_to_pass": 0,
  "pass_to_pass": 0,
  "token_usage": 3242.0,
  "latency_s": 11.664238270000169,
  "ttft_s": 5.624429715000133
}