{
  "instance_id": "django__django-11049",
  "gatherer": "rag_bm25",
  "precision@1": 1.0,
  "recall@1": 0.05,
  "ndcg@1": 1.0,
  "precision@3": 0.3333333333333333,
  "recall@3": 0.05,
  "ndcg@3": 0.46927872602275644,
  "precision@5": 0.6,
  "recall@5": 0.15,
  "ndcg@5": 0.6164336326286644,
  "precision@10": 0.4,
  "recall@10": 0.2,
  "ndcg@10": 0.47842151728792726,
  "mrr": 1.0,
  "applied": false,
  "tests_passed": false,
  "fail_to_pass": 0,
  "pass_to_pass": 0,
  "token_usage": 0.0,
  "latency_s": 0.6268846890000077,
  "ttft_s": null
}