{
  "instance_id": "django__django-11815",
  "gatherer": "react_agent",
  "precision@1": 1.0,
  "recall@1": 0.1,
  "ndcg@1": 1.0,
  "precision@3": 0.6666666666666666,
  "recall@3": 0.2,
  "ndcg@3": 0.7653606369886217,
  "precision@5": 0.4,
  "recall@5": 0.2,
  "ndcg@5": 0.5531464700081437,
  "precision@10": 0.2,
  "recall@10": 0.2,
  "ndcg@10": 0.3589542101716347,
  "mrr": 1.0,
  "applied": false,
  "tests_passed": false,
  "fail_to_pass": 0,
  "pass_to_pass": 0,
  "token_usage": 8726.0,
  "latency_s": 24.180192704999854,
  "ttft_s": 4.563203539999904
}