{
  "instance_id": "django__django-11019",
  "gatherer": "rag_bm25",
  "precision@1": 1.0,
  "recall@1": 0.07142857142857142,
  "ndcg@1": 1.0,
  "precision@3": 0.6666666666666666,
  "recall@3": 0.14285714285714285,
  "ndcg@3": 0.7653606369886217,
  "precision@5": 0.4,
  "recall@5": 0.14285714285714285,
  "ndcg@5": 0.5531464700081437,
  "precision@10": 0.2,
  "recall@10": 0.14285714285714285,
  "ndcg@10": 0.3589542101716347,
  "mrr": 1.0,
  "applied": false,
  "tests_passed": false,
  "fail_to_pass": 0,
  "pass_to_pass": 0,
  "token_usage": 0.0,
  "latency_s": 0.7386569779999945,
  "ttft_s": null
}