{
  "instance_id": "django__django-11797",
  "gatherer": "rag_bm25",
  "precision@1": 1.0,
  "recall@1": 0.1111111111111111,
  "ndcg@1": 1.0,
  "precision@3": 0.3333333333333333,
  "recall@3": 0.1111111111111111,
  "ndcg@3": 0.46927872602275644,
  "precision@5": 0.2,
  "recall@5": 0.1111111111111111,
  "ndcg@5": 0.3391602052736161,
  "precision@10": 0.1,
  "recall@10": 0.1111111111111111,
  "ndcg@10": 0.2350455494144854,
  "mrr": 1.0,
  "applied": false,
  "tests_passed": false,
  "fail_to_pass": 0,
  "pass_to_pass": 0,
  "token_usage": 0.0,
  "latency_s": 0.6762200880000364,
  "ttft_s": null
}