{
  "instance_id": "django__django-11099",
  "gatherer": "agentless",
  "precision@1": 1.0,
  "recall@1": 0.2,
  "ndcg@1": 1.0,
  "precision@3": 0.3333333333333333,
  "recall@3": 0.2,
  "ndcg@3": 0.46927872602275644,
  "precision@5": 0.2,
  "recall@5": 0.2,
  "ndcg@5": 0.3391602052736161,
  "precision@10": 0.2,
  "recall@10": 0.4,
  "ndcg@10": 0.4371994911049732,
  "mrr": 1.0,
  "edit_similarity": 0.289959477712742,
  "applied": false,
  "tests_passed": false,
  "fail_to_pass": 0,
  "pass_to_pass": 0,
  "token_usage": 23815.0,
  "latency_s": 128.26763633400014,
  "ttft_s": 4.229083492999962
}