{
  "instance_id": "django__django-11620",
  "gatherer": "react_agent",
  "precision@1": 0.0,
  "recall@1": 0.0,
  "ndcg@1": 0.0,
  "precision@3": 0.3333333333333333,
  "recall@3": 0.07692307692307693,
  "ndcg@3": 0.23463936301137822,
  "precision@5": 0.2,
  "recall@5": 0.07692307692307693,
  "ndcg@5": 0.16958010263680806,
  "precision@10": 0.1,
  "recall@10": 0.07692307692307693,
  "ndcg@10": 0.11004588314904008,
  "mrr": 0.3333333333333333,
  "applied": false,
  "tests_passed": false,
  "fail_to_pass": 0,
  "pass_to_pass": 0,
  "token_usage": 47636.0,
  "latency_s": 94.57094926100012,
  "ttft_s": 3.90039664599999
}