{
  "instance_id": "django__django-11133",
  "gatherer": "agentless",
  "precision@1": 1.0,
  "recall@1": 0.1,
  "ndcg@1": 1.0,
  "precision@3": 0.6666666666666666,
  "recall@3": 0.2,
  "ndcg@3": 0.7039180890341347,
  "precision@5": 0.4,
  "recall@5": 0.2,
  "ndcg@5": 0.5087403079104241,
  "precision@10": 0.2,
  "recall@10": 0.2,
  "ndcg@10": 0.33013764944712026,
  "mrr": 1.0,
  "edit_similarity": 0.020151133501259445,
  "applied": false,
  "tests_passed": false,
  "fail_to_pass": 0,
  "pass_to_pass": 0,
  "token_usage": 36137.0,
  "latency_s": 228.93605040800003,
  "ttft_s": 5.003963075000229
}